t,phase,phase_age,lap,seek_distance,roundabout_gate_score,roundabout_gate_evidence,roundabout_gate_source,first_roundabout_gate_seek,roundabout_gate_first_seen_seek,roundabout_approach_compensation,roundabout_entry_age,roundabout_entry_disp,mode,cmd_v,cmd_w,line_valid,line_reason,line_error,near_error,mid_error,far_error,line_confidence,valid_bands,crosswalk_detected,crosswalk_score,yellow_detected,yellow_score,near_mid_delta,mid_far_delta,near_far_delta,center_error,last_cmd_w,step_state,step_done_this_lap,step_waiting_alignment,step_align_reason,step_fixed_latched,step_reverse_active,step_candidate_evidence,step_detected,step_distance,step_filtered_distance,step_height,step_confidence,step_pose_valid,step_edge_angle_rad,step_lateral_offset_m,step_confirm_frames,step_required_frames,step_target_travel,step_commanded_traveled,step_odom_traveled,step_trigger_traveled,step_remaining,step_stop_reason,odom_fresh,yaw_error,jump_profile_min,jump_profile_max
5093.363,SEEK_ROUNDABOUT,1.099,0,0.000,0.0000,0.0000,none,,,0.000,,,camera_timeout,0.0000,0.0000,0,,nan,nan,nan,nan,0.0000,0,0,0.0000,0,0.0000,nan,nan,nan,nan,0.0000,IDLE,0,0,waiting_detection,0,0,0.000,0,nan,nan,nan,0.0000,0,nan,nan,0,5,0.0000,0.0000,0.0000,0.0000,0.0000,等待台阶,1,0.0000,0.150,0.330
5093.427,SEEK_ROUNDABOUT,1.163,0,0.000,0.0000,0.0000,none,,,0.000,,,camera_timeout,0.0000,0.0000,0,,nan,nan,nan,nan,0.0000,0,0,0.0000,0,0.0000,nan,nan,nan,nan,0.0000,IDLE,0,0,waiting_detection,0,0,0.000,0,nan,nan,nan,0.0000,0,nan,nan,0,5,0.0000,0.0000,0.0000,0.0000,0.0000,等待台阶,1,0.0000,0.150,0.330
5093.493,SEEK_ROUNDABOUT,1.229,0,0.000,0.0000,0.0000,none,,,0.000,,,camera_timeout,0.0000,0.0000,0,,nan,nan,nan,nan,0.0000,0,0,0.0000,0,0.0000,nan,nan,nan,nan,0.0000,IDLE,0,0,waiting_detection,0,0,0.000,0,nan,nan,nan,0.0000,0,nan,nan,0,5,0.0000,0.0000,0.0000,0.0000,0.0000,等待台阶,1,0.0000,0.150,0.330
5093.560,SEEK_ROUNDABOUT,1.296,0,0.000,0.0000,0.0000,none,,,0.000,,,camera_timeout,0.0000,0.0000,0,,nan,nan,nan,nan,0.0000,0,0,0.0000,0,0.0000,nan,nan,nan,nan,0.0000,IDLE,0,0,waiting_detection,0,0,0.000,0,nan,nan,nan,0.0000,0,nan,nan,0,5,0.0000,0.0000,0.0000,0.0000,0.0000,等待台阶,1,0.0000,0.150,0.330
5093.626,SEEK_ROUNDABOUT,1.363,0,0.000,0.0000,0.0000,none,,,0.000,,,camera_timeout,0.0000,0.0000,0,,nan,nan,nan,nan,0.0000,0,0,0.0000,0,0.0000,nan,nan,nan,nan,0.0000,IDLE,0,0,waiting_detection,0,0,0.000,0,nan,nan,nan,0.0000,0,nan,nan,0,5,0.0000,0.0000,0.0000,0.0000,0.0000,等待台阶,1,0.0000,0.150,0.330
5093.693,SEEK_ROUNDABOUT,1.429,0,0.000,0.0000,0.0000,none,,,0.000,,,camera_timeout,0.0000,0.0000,0,,nan,nan,nan,nan,0.0000,0,0,0.0000,0,0.0000,nan,nan,nan,nan,0.0000,IDLE,0,0,waiting_detection,0,0,0.000,0,nan,nan,nan,0.0000,0,nan,nan,0,5,0.0000,0.0000,0.0000,0.0000,0.0000,等待台阶,1,0.0000,0.150,0.330
5093.760,SEEK_ROUNDABOUT,1.496,0,0.000,0.0000,0.0000,none,,,0.000,,,camera_timeout,0.0000,0.0000,0,,nan,nan,nan,nan,0.0000,0,0,0.0000,0,0.0000,nan,nan,nan,nan,0.0000,IDLE,0,0,waiting_detection,0,0,0.000,0,nan,nan,nan,0.0000,0,nan,nan,0,5,0.0000,0.0000,0.0000,0.0000,0.0000,等待台阶,1,0.0000,0.150,0.330
5093.826,SEEK_ROUNDABOUT,1.563,0,0.000,0.0000,0.0000,none,,,0.000,,,camera_timeout,0.0000,0.0000,0,,nan,nan,nan,nan,0.0000,0,0,0.0000,0,0.0000,nan,nan,nan,nan,0.0000,IDLE,0,0,waiting_detection,0,0,0.000,0,nan,nan,nan,0.0000,0,nan,nan,0,5,0.0000,0.0000,0.0000,0.0000,0.0000,等待台阶,1,0.0000,0.150,0.330
5093.893,SEEK_ROUNDABOUT,1.629,0,0.000,0.0000,0.0000,none,,,0.000,,,camera_timeout,0.0000,0.0000,0,,nan,nan,nan,nan,0.0000,0,0,0.0000,0,0.0000,nan,nan,nan,nan,0.0000,IDLE,0,0,waiting_detection,0,0,0.000,0,nan,nan,nan,0.0000,0,nan,nan,0,5,0.0000,0.0000,0.0000,0.0000,0.0000,等待台阶,1,0.0000,0.150,0.330
5093.961,SEEK_ROUNDABOUT,1.697,0,0.000,0.0000,0.0000,none,,,0.000,,,camera_timeout,0.0000,0.0000,0,,nan,nan,nan,nan,0.0000,0,0,0.0000,0,0.0000,nan,nan,nan,nan,0.0000,IDLE,0,0,waiting_detection,0,0,0.000,0,nan,nan,nan,0.0000,0,nan,nan,0,5,0.0000,0.0000,0.0000,0.0000,0.0000,等待台阶,1,0.0000,0.150,0.330
5094.027,SEEK_ROUNDABOUT,1.763,0,0.000,0.0000,0.0000,none,,,0.000,,,camera_timeout,0.0000,0.0000,0,,nan,nan,nan,nan,0.0000,0,0,0.0000,0,0.0000,nan,nan,nan,nan,0.0000,IDLE,0,0,waiting_detection,0,0,0.000,0,nan,nan,nan,0.0000,0,nan,nan,0,5,0.0000,0.0000,0.0000,0.0000,0.0000,等待台阶,1,0.0000,0.150,0.330
5094.093,SEEK_ROUNDABOUT,1.830,0,0.000,0.0000,0.0000,none,,,0.000,,,camera_timeout,0.0000,0.0000,0,,nan,nan,nan,nan,0.0000,0,0,0.0000,0,0.0000,nan,nan,nan,nan,0.0000,IDLE,0,0,waiting_detection,0,0,0.000,0,nan,nan,nan,0.0000,0,nan,nan,0,5,0.0000,0.0000,0.0000,0.0000,0.0000,等待台阶,1,0.0000,0.150,0.330
5094.161,SEEK_ROUNDABOUT,1.897,0,0.000,0.0000,0.0000,none,,,0.000,,,camera_timeout,0.0000,0.0000,0,,nan,nan,nan,nan,0.0000,0,0,0.0000,0,0.0000,nan,nan,nan,nan,0.0000,IDLE,0,0,waiting_detection,0,0,0.000,0,nan,nan,nan,0.0000,0,nan,nan,0,5,0.0000,0.0000,0.0000,0.0000,0.0000,等待台阶,1,0.0000,0.150,0.330
5094.227,SEEK_ROUNDABOUT,1.963,0,0.000,0.0000,0.0000,none,,,0.000,,,camera_timeout,0.0000,0.0000,0,,nan,nan,nan,nan,0.0000,0,0,0.0000,0,0.0000,nan,nan,nan,nan,0.0000,IDLE,0,0,waiting_detection,0,0,0.000,0,nan,nan,nan,0.0000,0,nan,nan,0,5,0.0000,0.0000,0.0000,0.0000,0.0000,等待台阶,1,0.0000,0.150,0.330
5094.293,SEEK_ROUNDABOUT,2.030,0,0.000,0.0000,0.0000,none,,,0.000,,,camera_timeout,0.0000,0.0000,0,,nan,nan,nan,nan,0.0000,0,0,0.0000,0,0.0000,nan,nan,nan,nan,0.0000,IDLE,0,0,waiting_detection,0,0,0.000,0,nan,nan,nan,0.0000,0,nan,nan,0,5,0.0000,0.0000,0.0000,0.0000,0.0000,等待台阶,1,0.0000,0.150,0.330
5094.360,SEEK_ROUNDABOUT,2.096,0,0.000,0.0000,0.0000,none,,,0.000,,,camera_timeout,0.0000,0.0000,0,,nan,nan,nan,nan,0.0000,0,0,0.0000,0,0.0000,nan,nan,nan,nan,0.0000,IDLE,0,0,waiting_detection,0,0,0.000,0,nan,nan,nan,0.0000,0,nan,nan,0,5,0.0000,0.0000,0.0000,0.0000,0.0000,等待台阶,1,0.0000,0.150,0.330
5094.426,SEEK_ROUNDABOUT,2.163,0,0.000,0.0000,0.0000,none,,,0.000,,,camera_timeout,0.0000,0.0000,0,,nan,nan,nan,nan,0.0000,0,0,0.0000,0,0.0000,nan,nan,nan,nan,0.0000,IDLE,0,0,waiting_detection,0,0,0.000,0,nan,nan,nan,0.0000,0,nan,nan,0,5,0.0000,0.0000,0.0000,0.0000,0.0000,等待台阶,1,0.0000,0.150,0.330
5094.493,SEEK_ROUNDABOUT,2.230,0,0.000,0.0000,0.0000,none,,,0.000,,,camera_timeout,0.0000,0.0000,0,,nan,nan,nan,nan,0.0000,0,0,0.0000,0,0.0000,nan,nan,nan,nan,0.0000,IDLE,0,0,waiting_detection,0,0,0.000,0,nan,nan,nan,0.0000,0,nan,nan,0,5,0.0000,0.0000,0.0000,0.0000,0.0000,等待台阶,1,0.0000,0.150,0.330
5094.560,SEEK_ROUNDABOUT,2.296,0,0.000,0.0000,0.0000,none,,,0.000,,,camera_timeout,0.0000,0.0000,0,,nan,nan,nan,nan,0.0000,0,0,0.0000,0,0.0000,nan,nan,nan,nan,0.0000,IDLE,0,0,waiting_detection,0,0,0.000,0,nan,nan,nan,0.0000,0,nan,nan,0,5,0.0000,0.0000,0.0000,0.0000,0.0000,等待台阶,1,0.0000,0.150,0.330
5094.627,SEEK_ROUNDABOUT,2.363,0,0.000,0.0000,0.0000,none,,,0.000,,,camera_timeout,0.0000,0.0000,0,,nan,nan,nan,nan,0.0000,0,0,0.0000,0,0.0000,nan,nan,nan,nan,0.0000,IDLE,0,0,waiting_detection,0,0,0.000,0,nan,nan,nan,0.0000,0,nan,nan,0,5,0.0000,0.0000,0.0000,0.0000,0.0000,等待台阶,1,0.0000,0.150,0.330
5094.694,SEEK_ROUNDABOUT,2.430,0,0.000,0.0000,0.0000,none,,,0.000,,,camera_timeout,0.0000,0.0000,0,,nan,nan,nan,nan,0.0000,0,0,0.0000,0,0.0000,nan,nan,nan,nan,0.0000,IDLE,0,0,waiting_detection,0,0,0.000,0,nan,nan,nan,0.0000,0,nan,nan,0,5,0.0000,0.0000,0.0000,0.0000,0.0000,等待台阶,1,0.0000,0.150,0.330
5094.760,SEEK_ROUNDABOUT,2.496,0,0.000,0.0000,0.0000,none,,,0.000,,,camera_timeout,0.0000,0.0000,0,,nan,nan,nan,nan,0.0000,0,0,0.0000,0,0.0000,nan,nan,nan,nan,0.0000,IDLE,0,0,waiting_detection,0,0,0.000,0,nan,nan,nan,0.0000,0,nan,nan,0,5,0.0000,0.0000,0.0000,0.0000,0.0000,等待台阶,1,0.0000,0.150,0.330
5094.827,SEEK_ROUNDABOUT,2.563,0,0.000,0.0000,0.0000,none,,,0.000,,,camera_timeout,0.0000,0.0000,0,,nan,nan,nan,nan,0.0000,0,0,0.0000,0,0.0000,nan,nan,nan,nan,0.0000,IDLE,0,0,waiting_detection,0,0,0.000,0,nan,nan,nan,0.0000,0,nan,nan,0,5,0.0000,0.0000,0.0000,0.0000,0.0000,等待台阶,1,0.0000,0.150,0.330
5094.893,SEEK_ROUNDABOUT,0.000,0,0.000,0.0000,0.0000,none,,,0.000,,,tracking,0.0507,-0.0854,1,line_center_tracking,0.0791,0.0928,0.0437,0.0437,0.5469,3,0,0.0000,0,0.0000,0.0491,0.0000,0.0491,0.0601,-0.0854,IDLE,0,0,step_zone_before_min seek=0.00<1.25,0,0,0.000,0,nan,nan,nan,0.0000,0,nan,nan,0,5,0.0000,0.0000,0.0000,0.0000,0.0000,等待台阶,1,0.0000,0.150,0.330
5095.521,SEEK_ROUNDABOUT,0.627,0,0.000,0.0000,0.0000,none,,,0.000,,,tracking,0.1013,-0.1014,1,line_curve_center_riding,0.1091,0.1128,0.0500,-0.1013,0.8891,7,0,0.0000,0,0.0000,0.0629,0.1513,0.2142,0.0205,-0.1014,IDLE,0,0,step_zone_before_min seek=0.00<1.25,0,0,0.000,0,nan,nan,nan,0.0000,0,nan,nan,0,5,0.0000,0.0000,0.0000,0.0000,0.0000,等待台阶,0,0.0000,0.150,0.330
5095.598,SEEK_ROUNDABOUT,0.704,0,0.011,0.0000,0.0000,none,,,0.000,,,tracking,0.1306,-0.1016,1,line_curve_center_riding,0.0944,0.0981,0.0364,-0.1079,0.8901,7,0,0.0000,0,0.0000,0.0617,0.1443,0.2061,0.0089,-0.1016,IDLE,0,0,step_zone_before_min seek=0.00<1.25,0,0,0.000,0,nan,nan,nan,0.0000,0,nan,nan,0,5,0.0000,0.0000,0.0000,0.0000,0.0000,等待台阶,1,0.0000,0.150,0.330
5095.685,SEEK_ROUNDABOUT,0.791,0,0.013,0.0000,0.0000,none,,,0.000,,,tracking,0.1637,-0.1368,1,line_curve_center_riding,0.1512,0.1547,0.0962,-0.1654,0.9520,8,0,0.0000,0,0.0000,0.0585,0.2616,0.3201,0.0285,-0.1368,IDLE,0,0,step_zone_before_min seek=0.01<1.25,0,0,0.000,0,nan,nan,nan,0.0000,0,nan,nan,0,5,0.0000,0.0000,0.0000,0.0000,0.0000,等待台阶,1,0.0000,0.150,0.330
5096.009,SEEK_ROUNDABOUT,1.116,0,0.026,0.0000,0.0000,none,,,0.000,,,tracking,0.1700,-0.0824,1,line_curve_center_riding,0.0320,0.0349,-0.0125,-0.1666,0.8819,7,0,0.0000,0,0.0000,0.0474,0.1541,0.2015,-0.0481,-0.0824,IDLE,0,0,step_zone_before_min seek=0.01<1.25,0,0,0.000,0,nan,nan,nan,0.0000,0,nan,nan,0,5,0.0000,0.0000,0.0000,0.0000,0.0000,等待台阶,1,0.0000,0.150,0.330
5096.107,SEEK_ROUNDABOUT,1.213,0,0.031,0.0000,0.0000,none,,,0.000,,,tracking,0.1700,-0.0609,1,line_curve_center_riding,0.0392,0.0425,-0.0112,-0.2020,0.9649,8,0,0.0000,0,0.0000,0.0537,0.1908,0.2444,-0.0569,-0.0609,IDLE,0,0,step_zone_before_min seek=0.03<1.25,0,0,0.000,0,nan,nan,nan,0.0000,0,nan,nan,0,5,0.0000,0.0000,0.0000,0.0000,0.0000,等待台阶,1,0.0000,0.150,0.330
5096.295,SEEK_ROUNDABOUT,1.402,0,0.042,0.0000,0.0000,none,,,0.000,,,tracking,0.2207,-0.0047,1,line_center_tracking,-0.0463,-0.0308,-0.0861,-0.1264,0.8117,6,0,0.0000,0,0.0000,0.0553,0.0403,0.0956,-0.0811,-0.0047,IDLE,0,0,step_zone_before_min seek=0.03<1.25,0,0,0.000,0,nan,nan,nan,0.0000,0,nan,nan,0,5,0.0000,0.0000,0.0000,0.0000,0.0000,等待台阶,1,0.0000,0.150,0.330
5096.457,SEEK_ROUNDABOUT,1.564,0,0.047,0.0000,0.0000,none,,,0.000,,,tracking,0.1700,-0.0030,1,line_curve_center_riding,-0.0027,0.0009,-0.0579,-0.2231,0.8774,7,0,0.0000,0,0.0000,0.0588,0.1652,0.2239,-0.0934,-0.0030,IDLE,0,0,step_zone_before_min seek=0.04<1.25,0,0,0.000,0,nan,nan,nan,0.0000,0,nan,nan,0,5,0.0000,0.0000,0.0000,0.0000,0.0000,等待台阶,1,0.0000,0.150,0.330
5096.623,SEEK_ROUNDABOUT,1.729,0,0.049,0.0000,0.0000,none,,,0.000,,,tracking,0.2207,0.0251,1,line_center_tracking,-0.0469,-0.0303,-0.0895,-0.2053,0.8927,7,0,0.0000,0,0.0000,0.0592,0.1158,0.1750,-0.1084,0.0251,IDLE,0,0,step_zone_before_min seek=0.05<1.25,0,0,0.000,0,nan,nan,nan,0.0000,0,nan,nan,0,5,0.0000,0.0000,0.0000,0.0000,0.0000,等待台阶,1,0.0000,0.150,0.330
5096.788,SEEK_ROUNDABOUT,1.895,0,0.061,0.0000,0.0000,none,,,0.000,,,tracking,0.1700,0.0074,1,line_curve_center_riding,0.0055,0.0089,-0.0480,-0.2379,0.9646,8,0,0.0000,0,0.0000,0.0570,0.1899,0.2468,-0.0923,0.0074,IDLE,0,0,step_zone_before_min seek=0.05<1.25,0,0,0.000,0,nan,nan,nan,0.0000,0,nan,nan,0,5,0.0000,0.0000,0.0000,0.0000,0.0000,等待台阶,1,0.0000,0.150,0.330
5096.949,SEEK_ROUNDABOUT,2.056,0,0.080,0.0000,0.0000,none,,,0.000,,,tracking,0.2207,0.0443,1,line_center_tracking,-0.0701,-0.0539,-0.1119,-0.1595,0.8109,6,0,0.0000,0,0.0000,0.0579,0.0476,0.1056,-0.1084,0.0443,IDLE,0,0,step_zone_before_min seek=0.06<1.25,0,0,0.000,0,nan,nan,nan,0.0000,0,nan,nan,0,5,0.0000,0.0000,0.0000,0.0000,0.0000,等待台阶,1,0.0000,0.150,0.330
5097.108,SEEK_ROUNDABOUT,2.215,0,0.111,0.0000,0.0000,none,,,0.000,,,tracking,0.1700,-0.0024,1,line_curve_center_riding,0.0377,0.0425,-0.0365,-0.2858,0.9548,8,0,0.0000,0,0.0000,0.0789,0.2493,0.3282,-0.0933,-0.0024,IDLE,0,0,step_zone_before_min seek=0.08<1.25,0,0,0.000,0,nan,nan,nan,0.0000,0,nan,nan,0,5,0.0000,0.0000,0.0000,0.0000,0.0000,等待台阶,1,0.0000,0.150,0.330
5097.256,SEEK_ROUNDABOUT,2.362,0,0.143,0.0000,0.0000,none,,,0.000,,,tracking,0.2207,0.0505,1,line_center_tracking,-0.0861,-0.0588,-0.1563,-0.2286,0.7130,5,0,0.0000,0,0.0000,0.0975,0.0723,0.1697,-0.1479,0.0505,IDLE,0,0,step_zone_before_min seek=0.11<1.25,0,0,0.000,0,nan,nan,nan,0.0000,0,nan,nan,0,5,0.0000,0.0000,0.0000,0.0000,0.0000,等待台阶,1,0.0000,0.150,0.330
5097.399,SEEK_ROUNDABOUT,2.506,0,0.186,0.0000,0.0000,none,,,0.000,,,tracking,0.1700,-0.0221,1,line_curve_center_riding,0.0747,0.0823,-0.0441,-0.3826,0.7666,6,0,0.0000,0,0.0000,0.1264,0.3386,0.4650,-0.1148,-0.0221,IDLE,0,0,step_zone_before_min seek=0.14<1.25,0,0,0.000,0,nan,nan,nan,0.0000,0,nan,nan,0,5,0.0000,0.0000,0.0000,0.0000,0.0000,等待台阶,1,0.0000,0.150,0.330
5097.553,SEEK_ROUNDABOUT,2.660,0,0.233,0.0000,0.0000,none,,,0.000,,,tracking,0.1450,-0.0481,1,line_curve_center_riding,0.0715,0.0825,-0.1003,-0.5671,0.8418,7,0,0.0000,0,0.0000,0.1828,0.4667,0.6495,-0.1950,-0.0481,IDLE,0,0,step_zone_before_min seek=0.19<1.25,0,0,0.000,0,nan,nan,nan,0.0000,0,nan,nan,0,5,0.0000,0.0000,0.0000,0.0000,0.0000,等待台阶,1,0.0000,0.150,0.330
5097.702,SEEK_ROUNDABOUT,2.808,0,0.290,0.0000,0.0000,none,,,0.000,,,tracking,0.1700,-0.0083,1,line_curve_center_riding,-0.0219,-0.0068,-0.2576,-0.3064,0.6858,5,0,0.0000,0,0.0000,0.2507,0.0488,0.2995,-0.1902,-0.0083,IDLE,0,0,step_zone_before_min seek=0.23<1.25,0,0,0.000,0,nan,nan,nan,0.0000,0,nan,nan,0,5,0.0000,0.0000,0.0000,0.0000,0.0000,等待台阶,1,0.0000,0.150,0.330
5097.852,SEEK_ROUNDABOUT,2.958,0,0.344,0.0000,0.0000,none,,,0.000,,,tracking,0.1450,0.0230,1,line_curve_center_riding,-0.0497,-0.0294,-0.3683,-0.4240,0.6690,5,0,0.0000,0,0.0000,0.3389,0.0556,0.3946,-0.2739,0.0230,IDLE,0,0,step_zone_before_min seek=0.29<1.25,0,0,0.000,0,nan,nan,nan,0.0000,0,nan,nan,0,5,0.0000,0.0000,0.0000,0.0000,0.0000,等待台阶,1,0.0000,0.150,0.330
5098.003,SEEK_ROUNDABOUT,3.109,0,0.400,0.0000,0.0000,none,,,0.000,,,tracking,0.1450,0.1190,1,line_curve_center_riding,-0.1908,-0.1658,-0.5829,-0.6597,0.5506,4,0,0.0000,0,0.0000,0.4171,0.0769,0.4940,-0.4695,0.1190,IDLE,0,0,step_zone_before_min seek=0.34<1.25,0,0,0.000,0,nan,nan,nan,0.0000,0,nan,nan,0,5,0.0000,0.0000,0.0000,0.0000,0.0000,等待台阶,1,0.0000,0.150,0.330
5098.161,SEEK_ROUNDABOUT,3.268,0,0.440,0.0000,0.0000,none,,,0.000,,,tracking,0.1691,0.2945,1,line_curve_center_riding,-0.4246,-0.4163,-0.5543,-0.5543,0.4892,3,0,0.0000,0,0.0086,0.1380,0.0000,0.1380,-0.5083,0.2945,IDLE,0,0,step_zone_before_min seek=0.40<1.25,0,0,0.000,0,nan,nan,nan,0.0000,0,nan,nan,0,5,0.0000,0.0000,0.0000,0.0000,0.0000,等待台阶,1,0.0000,0.150,0.330
5098.310,SEEK_ROUNDABOUT,3.417,0,0.482,0.0000,0.0000,none,,,0.000,,,tracking,0.1184,0.4642,1,line_hard_turn_centering,-0.5814,-0.5783,-0.6087,-0.6087,0.3896,2,0,0.0000,0,0.0043,0.0304,0.0000,0.0304,-0.5986,0.4642,IDLE,0,0,step_zone_before_min seek=0.44<1.25,0,0,0.000,0,nan,nan,nan,0.0000,0,nan,nan,0,5,0.0000,0.0000,0.0000,0.0000,0.0000,等待台阶,1,0.0000,0.150,0.330
5098.446,SEEK_ROUNDABOUT,3.553,0,0.522,0.0000,0.0000,none,,,0.000,,,tracking,0.1050,0.5595,1,line_hard_turn_centering,-0.6086,-0.6063,-0.6287,-0.6287,0.4120,2,0,0.0000,0,0.0000,0.0224,0.0000,0.0224,-0.6213,0.5595,IDLE,0,0,step_zone_before_min seek=0.48<1.25,0,0,0.000,0,nan,nan,nan,0.0000,0,nan,nan,0,5,0.0000,0.0000,0.0000,0.0000,0.0000,等待台阶,1,0.0000,0.150,0.330
5098.587,SEEK_ROUNDABOUT,3.694,0,0.572,0.0000,0.0000,none,,,0.000,,,line_bridge_loss,0.0543,0.2262,0,line_too_few_bands,0.0000,0.0000,0.0000,0.0000,0.0000,1,0,0.0000,0,0.0043,0.0000,0.0000,0.0000,0.0000,0.2262,IDLE,0,0,step_zone_before_min seek=0.52<1.25,0,0,0.000,0,nan,nan,nan,0.0000,0,nan,nan,0,5,0.0000,0.0000,0.0000,0.0000,0.0000,等待台阶,1,0.0000,0.150,0.330
5098.730,SEEK_ROUNDABOUT,3.837,0,0.572,0.0000,0.0000,none,,,0.000,,,line_bridge_loss,0.0350,0.2238,0,line_too_few_bands,0.0000,0.0000,0.0000,0.0000,0.0000,1,0,0.0000,0,0.0387,0.0000,0.0000,0.0000,0.0000,0.2238,IDLE,0,0,step_zone_before_min seek=0.57<1.25,0,0,0.000,0,nan,nan,nan,0.0000,0,nan,nan,0,5,0.0000,0.0000,0.0000,0.0000,0.0000,等待台阶,1,0.0000,0.150,0.330
5098.865,SEEK_ROUNDABOUT,3.972,0,0.572,0.0000,0.0000,none,,,0.000,,,tracking,0.0857,0.5571,1,line_curve_center_riding,-0.5690,-0.5597,-0.7149,-0.7149,0.4798,3,0,0.0000,0,0.2579,0.1552,0.0000,0.1552,-0.6632,0.5571,IDLE,0,0,step_zone_before_min seek=0.57<1.25,0,0,0.000,0,nan,nan,nan,0.0000,0,nan,nan,0,5,0.0000,0.0000,0.0000,0.0000,0.0000,等待台阶,1,0.0000,0.150,0.330
5098.995,SEEK_ROUNDABOUT,4.102,0,0.603,0.0000,0.0000,none,,,0.000,,,line_bridge_loss,0.0363,0.2325,0,line_too_few_bands,0.0000,0.0000,0.0000,0.0000,0.0000,1,0,0.0000,1,1.0000,0.0000,0.0000,0.0000,0.0000,0.2325,IDLE,0,0,step_zone_before_min seek=0.57<1.25,0,0,0.000,0,nan,nan,nan,0.0000,0,nan,nan,0,5,0.0000,0.0000,0.0000,0.0000,0.0000,等待台阶,1,0.0000,0.150,0.330
5099.139,SEEK_ROUNDABOUT,4.245,0,0.603,0.0000,0.0000,none,,,0.000,,,tracking,0.0870,0.5658,1,line_curve_center_riding,-0.5364,-0.5259,-0.7007,-0.7007,0.3395,2,0,0.0000,1,1.0000,0.1748,0.0000,0.1748,-0.6425,0.5658,IDLE,0,0,step_zone_before_min seek=0.60<1.25,0,0,0.000,0,nan,nan,nan,0.0000,0,nan,nan,0,5,0.0000,0.0000,0.0000,0.0000,0.0000,等待台阶,1,0.0000,0.150,0.330
5099.281,SEEK_ROUNDABOUT,4.387,0,0.626,0.0000,0.0000,none,,,0.000,,,tracking,0.1105,0.5426,1,line_curve_center_riding,-0.4730,-0.4592,-0.6884,-0.6884,0.4545,3,0,0.0000,1,1.0000,0.2292,0.0000,0.2292,-0.6120,0.5426,IDLE,0,0,step_zone_before_min seek=0.60<1.25,0,0,0.000,0,nan,nan,nan,0.0000,0,nan,nan,0,5,0.0000,0.0000,0.0000,0.0000,0.0000,等待台阶,1,0.0000,0.150,0.330
5099.418,SEEK_ROUNDABOUT,4.524,0,0.641,0.0000,0.0000,none,,,0.000,,,tracking,0.1228,0.4948,1,line_curve_center_riding,-0.4171,-0.4059,-0.5932,-0.5932,0.4732,3,0,0.0000,1,1.0000,0.1873,0.0000,0.1873,-0.5308,0.4948,IDLE,0,0,step_zone_before_min seek=0.63<1.25,0,0,0.000,0,nan,nan,nan,0.0000,0,nan,nan,0,5,0.0000,0.0000,0.0000,0.0000,0.0000,等待台阶,1,0.0000,0.150,0.330
5099.548,SEEK_ROUNDABOUT,4.654,0,0.652,0.0000,0.0000,none,,,0.000,,,tracking,0.1450,0.3450,1,line_curve_center_riding,-0.1976,-0.1756,-0.5413,-0.5413,0.5562,4,0,0.0000,0,0.4305,0.3656,0.0000,0.3656,-0.4194,0.3450,IDLE,0,0,step_zone_before_min seek=0.64<1.25,0,0,0.000,0,nan,nan,nan,0.0000,0,nan,nan,0,5,0.0000,0.0000,0.0000,0.0000,0.0000,等待台阶,1,0.0000,0.150,0.330
5099.703,SEEK_ROUNDABOUT,4.809,0,0.662,0.0000,0.0000,none,,,0.000,,,tracking,0.1450,0.2022,1,line_curve_center_riding,-0.0564,-0.0372,-0.3568,-0.3568,0.5664,4,0,0.0000,0,0.0430,0.3196,0.0000,0.3196,-0.2503,0.2022,IDLE,0,0,step_zone_before_min seek=0.65<1.25,0,0,0.000,0,nan,nan,nan,0.0000,0,nan,nan,0,5,0.0000,0.0000,0.0000,0.0000,0.0000,等待台阶,1,0.0000,0.150,0.330
5099.840,SEEK_ROUNDABOUT,4.947,0,0.663,0.0000,0.0000,none,,,0.000,,,tracking,0.1450,0.0474,1,line_recenter_transition,0.0914,0.1005,-0.3562,-0.4337,0.6447,5,0,0.0000,0,0.0301,0.4568,0.0775,0.5343,-0.2298,0.0474,IDLE,0,0,step_zone_before_min seek=0.66<1.25,0,0,0.000,0,nan,nan,nan,0.0000,0,nan,nan,0,5,0.0000,0.0000,0.0000,0.0000,0.0000,等待台阶,1,0.0000,0.150,0.330
5099.981,SEEK_ROUNDABOUT,5.087,0,0.669,0.0000,0.0000,none,,,0.000,,,tracking,0.1450,-0.0824,1,line_recenter_transition,0.1946,0.2030,-0.2138,-0.2987,0.6516,5,0,0.0000,0,0.0086,0.4168,0.0849,0.5017,-0.1032,-0.0824,IDLE,0,0,step_zone_before_min seek=0.66<1.25,0,0,0.000,0,nan,nan,nan,0.0000,0,nan,nan,0,5,0.0000,0.0000,0.0000,0.0000,0.0000,等待台阶,1,0.0000,0.150,0.330
5100.119,SEEK_ROUNDABOUT,5.225,0,0.683,0.0000,0.0000,none,,,0.000,,,tracking,0.1450,-0.1656,1,line_recenter_transition,0.2321,0.2403,-0.1698,-0.2519,0.5486,4,0,0.0000,0,0.0258,0.4101,0.0821,0.4922,-0.0605,-0.1656,IDLE,0,0,step_zone_before_min seek=0.67<1.25,0,0,0.000,0,nan,nan,nan,0.0000,0,nan,nan,0,5,0.0000,0.0000,0.0000,0.0000,0.0000,等待台阶,1,0.0000,0.150,0.330
5100.251,SEEK_ROUNDABOUT,5.357,0,0.691,0.0000,0.0000,none,,,0.000,,,tracking,0.1700,-0.1487,1,line_curve_center_riding,0.1328,0.1470,-0.0892,-0.0892,0.4846,3,0,0.0000,0,0.0043,0.2362,0.0000,0.2362,-0.0105,-0.1487,IDLE,0,0,step_zone_before_min seek=0.68<1.25,0,0,0.000,0,nan,nan,nan,0.0000,0,nan,nan,0,5,0.0000,0.0000,0.0000,0.0000,0.0000,等待台阶,1,0.0000,0.150,0.330
5100.393,SEEK_ROUNDABOUT,5.500,0,0.697,0.0000,0.0000,none,,,0.000,,,tracking,0.1450,-0.1861,1,line_recenter_transition,0.2017,0.2091,-0.1610,-0.2222,0.5601,4,0,0.0000,0,0.0000,0.3701,0.0611,0.4312,-0.0580,-0.1861,IDLE,0,0,step_zone_before_min seek=0.69<1.25,0,0,0.000,0,nan,nan,nan,0.0000,0,nan,nan,0,5,0.0000,0.0000,0.0000,0.0000,0.0000,等待台阶,1,0.0000,0.150,0.330
5100.529,SEEK_ROUNDABOUT,5.636,0,0.701,0.0000,0.0000,none,,,0.000,,,tracking,0.1450,-0.1948,1,line_recenter_transition,0.1903,0.1983,-0.2053,-0.5253,0.7281,6,0,0.0000,0,0.0344,0.4036,0.3201,0.7237,-0.1774,-0.1948,IDLE,0,0,step_zone_before_min seek=0.70<1.25,0,0,0.000,0,nan,nan,nan,0.0000,0,nan,nan,0,5,0.0000,0.0000,0.0000,0.0000,0.0000,等待台阶,1,0.0000,0.150,0.330
5100.671,SEEK_ROUNDABOUT,5.777,0,0.704,0.0000,0.0000,none,,,0.000,,,tracking,0.1450,-0.1883,1,line_recenter_transition,0.1703,0.1788,-0.2481,-0.3397,0.6489,5,0,0.0000,0,0.0086,0.4269,0.0916,0.5185,-0.1363,-0.1883,IDLE,0,0,step_zone_before_min seek=0.70<1.25,0,0,0.000,0,nan,nan,nan,0.0000,0,nan,nan,0,5,0.0000,0.0000,0.0000,0.0000,0.0000,等待台阶,1,0.0000,0.150,0.330
5100.805,SEEK_ROUNDABOUT,5.911,0,0.706,0.0000,0.0000,none,,,0.000,,,tracking,0.1700,-0.1040,1,line_curve_center_riding,0.0293,0.0436,-0.1953,-0.1953,0.4834,3,0,0.0000,0,0.0043,0.2389,0.0000,0.2389,-0.1156,-0.1040,IDLE,0,0,step_zone_before_min seek=0.70<1.25,0,0,0.000,0,nan,nan,nan,0.0000,0,nan,nan,0,5,0.0000,0.0000,0.0000,0.0000,0.0000,等待台阶,1,0.0000,0.150,0.330
5100.943,SEEK_ROUNDABOUT,6.049,0,0.707,0.0000,0.0000,none,,,0.000,,,tracking,0.1450,-0.0965,1,line_recenter_transition,0.0758,0.0847,-0.3593,-0.4560,0.6457,5,0,0.0000,0,0.0086,0.4440,0.0967,0.5407,-0.2435,-0.0965,IDLE,0,0,step_zone_before_min seek=0.71<1.25,0,0,0.000,0,nan,nan,nan,0.0000,0,nan,nan,0,5,0.0000,0.0000,0.0000,0.0000,0.0000,等待台阶,1,0.0000,0.150,0.330
5101.076,SEEK_ROUNDABOUT,6.182,0,0.711,0.0000,0.0000,none,,,0.000,,,tracking,0.1700,-0.0016,1,line_curve_center_riding,-0.0748,-0.0604,-0.3014,-0.3014,0.5817,4,0,0.0000,0,0.0215,0.2410,0.0000,0.2410,-0.2210,-0.0016,IDLE,0,0,step_zone_before_min seek=0.71<1.25,0,0,0.000,0,nan,nan,nan,0.0000,0,nan,nan,0,5,0.0000,0.0000,0.0000,0.0000,0.0000,等待台阶,1,0.0000,0.150,0.330
5101.209,SEEK_ROUNDABOUT,6.315,0,0.719,0.0000,0.0000,none,,,0.000,,,tracking,0.1700,0.1284,1,line_curve_center_riding,-0.2299,-0.2222,-0.3503,-0.3503,0.4977,3,0,0.0000,0,0.0215,0.1281,0.0000,0.1281,-0.3076,0.1284,IDLE,0,0,step_zone_before_min seek=0.71<1.25,0,0,0.000,0,nan,nan,nan,0.0000,0,nan,nan,0,5,0.0000,0.0000,0.0000,0.0000,0.0000,等待台阶,1,0.0000,0.150,0.330
5101.343,SEEK_ROUNDABOUT,6.449,0,0.730,0.0000,0.0000,none,,,0.000,,,tracking,0.1450,0.1429,1,line_curve_center_riding,-0.1562,-0.1385,-0.4339,-0.4339,0.5730,4,0,0.0000,0,0.0086,0.2954,0.0000,0.2954,-0.3354,0.1429,IDLE,0,0,step_zone_before_min seek=0.72<1.25,0,0,0.000,0,nan,nan,nan,0.0000,0,nan,nan,0,5,0.0000,0.0000,0.0000,0.0000,0.0000,等待台阶,1,0.0000,0.150,0.330
5101.476,SEEK_ROUNDABOUT,6.582,0,0.742,0.0000,0.0000,none,,,0.000,,,tracking,0.1700,0.2554,1,line_curve_center_riding,-0.3278,-0.3198,-0.4534,-0.4534,0.4924,3,0,0.0000,0,0.0000,0.1336,0.0000,0.1336,-0.4089,0.2554,IDLE,0,0,step_zone_before_min seek=0.73<1.25,0,0,0.000,0,nan,nan,nan,0.0000,0,nan,nan,0,5,0.0000,0.0000,0.0000,0.0000,0.0000,等待台阶,1,0.0000,0.150,0.330
5101.611,SEEK_ROUNDABOUT,6.718,0,0.760,0.0000,0.0000,none,,,0.000,,,tracking,0.1695,0.3131,1,line_curve_center_riding,-0.3457,-0.3372,-0.4801,-0.4801,0.4945,3,0,0.0000,0,0.0000,0.1430,0.0000,0.1430,-0.4325,0.3131,IDLE,0,0,step_zone_before_min seek=0.74<1.25,0,0,0.000,0,nan,nan,nan,0.0000,0,nan,nan,0,5,0.0000,0.0000,0.0000,0.0000,0.0000,等待台阶,1,0.0000,0.150,0.330
5101.759,SEEK_ROUNDABOUT,6.865,0,0.784,0.0000,0.0000,none,,,0.000,,,tracking,0.1450,0.2710,1,line_curve_center_riding,-0.2232,-0.1957,-0.6551,-0.6551,0.5420,4,0,0.0000,0,0.0000,0.4594,0.0000,0.4594,-0.5019,0.2710,IDLE,0,0,step_zone_before_min seek=0.76<1.25,0,0,0.000,0,nan,nan,nan,0.0000,0,nan,nan,0,5,0.0000,0.0000,0.0000,0.0000,0.0000,等待台阶,1,0.0000,0.150,0.330
5101.893,SEEK_ROUNDABOUT,6.999,0,0.802,0.0000,0.0000,none,,,0.000,,,line_bridge_loss,0.0943,0.1084,0,line_too_few_bands,0.0000,0.0000,0.0000,0.0000,0.0000,1,0,0.0000,0,0.0000,0.0000,0.0000,0.0000,0.0000,0.1084,IDLE,0,0,step_zone_before_min seek=0.78<1.25,0,0,0.000,0,nan,nan,nan,0.0000,0,nan,nan,0,5,0.0000,0.0000,0.0000,0.0000,0.0000,等待台阶,1,0.0000,0.150,0.330
5102.030,SEEK_ROUNDABOUT,7.136,0,0.831,0.0000,0.0000,none,,,0.000,,,line_bridge_loss,0.0437,0.1084,0,line_too_few_bands,0.0000,0.0000,0.0000,0.0000,0.0000,1,0,0.0000,0,0.0000,0.0000,0.0000,0.0000,0.0000,0.1084,IDLE,0,0,step_zone_before_min seek=0.80<1.25,0,0,0.000,0,nan,nan,nan,0.0000,0,nan,nan,0,5,0.0000,0.0000,0.0000,0.0000,0.0000,等待台阶,1,0.0000,0.150,0.330
5102.169,SEEK_ROUNDABOUT,7.275,0,0.831,0.0000,0.0000,none,,,0.000,,,line_bridge_loss,0.0350,0.1084,0,line_too_few_bands,0.0000,0.0000,0.0000,0.0000,0.0000,0,0,0.0000,0,0.0000,0.0000,0.0000,0.0000,0.0000,0.1084,IDLE,0,0,step_zone_before_min seek=0.83<1.25,0,0,0.000,0,nan,nan,nan,0.0000,0,nan,nan,0,5,0.0000,0.0000,0.0000,0.0000,0.0000,等待台阶,1,0.0000,0.150,0.330
5102.300,SEEK_ROUNDABOUT,7.406,0,0.831,0.0000,0.0000,none,,,0.000,,,tracking,0.0847,0.4354,1,line_curve_center_riding,-0.5749,-0.5638,-0.7495,-0.7495,0.3311,2,0,0.0000,0,0.0000,0.1858,0.0000,0.1858,-0.6876,0.4354,IDLE,0,0,step_zone_before_min seek=0.83<1.25,0,0,0.000,0,nan,nan,nan,0.0000,0,nan,nan,0,5,0.0000,0.0000,0.0000,0.0000,0.0000,等待台阶,1,0.0000,0.150,0.330
5102.435,SEEK_ROUNDABOUT,7.542,0,0.862,0.0000,0.0000,none,,,0.000,,,line_bridge_loss,0.0350,0.1784,0,line_too_few_bands,0.0000,0.0000,0.0000,0.0000,0.0000,0,0,0.0000,0,0.1805,0.0000,0.0000,0.0000,0.0000,0.1784,IDLE,0,0,step_zone_before_min seek=0.83<1.25,0,0,0.000,0,nan,nan,nan,0.0000,0,nan,nan,0,5,0.0000,0.0000,0.0000,0.0000,0.0000,等待台阶,1,0.0000,0.150,0.330
5102.591,SEEK_ROUNDABOUT,7.698,0,0.862,0.0000,0.0000,none,,,0.000,,,tracking,0.0857,0.5117,1,line_hard_turn_centering,-0.7727,-0.7713,-0.7858,-0.7858,0.4341,2,0,0.0000,1,1.0000,0.0145,0.0000,0.0145,-0.7810,0.5117,IDLE,0,0,step_zone_before_min seek=0.86<1.25,0,0,0.000,0,nan,nan,nan,0.0000,0,nan,nan,0,5,0.0000,0.0000,0.0000,0.0000,0.0000,等待台阶,1,0.0000,0.150,0.330
5102.743,SEEK_ROUNDABOUT,7.850,0,0.911,0.0000,0.0000,none,,,0.000,,,tracking,0.0850,0.4200,1,line_edge_single_rescue,-0.7703,-0.7703,-0.7703,-0.7703,0.3100,1,0,0.0000,1,1.0000,0.0000,0.0000,0.0000,-0.7703,0.4200,IDLE,0,0,step_zone_before_min seek=0.86<1.25,0,0,0.000,0,nan,nan,nan,0.0000,0,nan,nan,0,5,0.0000,0.0000,0.0000,0.0000,0.0000,等待台阶,1,0.0000,0.150,0.330
5102.877,SEEK_ROUNDABOUT,7.984,0,0.941,0.0000,0.0000,none,,,0.000,,,line_bridge_loss,0.0350,0.1680,0,line_too_few_bands,0.0000,0.0000,0.0000,0.0000,0.0000,0,0,0.0000,1,1.0000,0.0000,0.0000,0.0000,0.0000,0.1680,IDLE,0,0,step_zone_before_min seek=0.91<1.25,0,0,0.000,0,nan,nan,nan,0.0000,0,nan,nan,0,5,0.0000,0.0000,0.0000,0.0000,0.0000,等待台阶,1,0.0000,0.150,0.330
5103.010,SEEK_ROUNDABOUT,8.116,0,0.941,0.0000,0.0000,none,,,0.000,,,tracking,0.0850,0.4200,1,line_edge_single_rescue,-0.7238,-0.7238,-0.7238,-0.7238,0.3100,1,0,0.0000,1,1.0000,0.0000,0.0000,0.0000,-0.7238,0.4200,IDLE,0,0,step_zone_before_min seek=0.94<1.25,0,0,0.000,0,nan,nan,nan,0.0000,0,nan,nan,0,5,0.0000,0.0000,0.0000,0.0000,0.0000,等待台阶,1,0.0000,0.150,0.330
5103.146,SEEK_ROUNDABOUT,8.253,0,0.962,0.0000,0.0000,none,,,0.000,,,tracking,0.1000,0.7000,1,line_curve_center_riding,-0.6543,-0.6432,-0.8283,-0.8283,0.5114,3,0,0.0000,1,1.0000,0.1851,0.0000,0.1851,-0.7666,0.7000,IDLE,0,0,step_zone_before_min seek=0.94<1.25,0,0,0.000,0,nan,nan,nan,0.0000,0,nan,nan,0,5,0.0000,0.0000,0.0000,0.0000,0.0000,等待台阶,1,0.0000,0.150,0.330
5103.282,SEEK_ROUNDABOUT,8.389,0,0.973,0.0000,0.0000,none,,,0.000,,,tracking,0.1050,0.5600,1,line_hard_turn_centering,-0.7597,-0.7496,-0.8498,-0.8515,0.5307,3,0,0.0000,1,1.0000,0.1001,0.0017,0.1019,-0.8170,0.5600,IDLE,0,0,step_zone_before_min seek=0.96<1.25,0,0,0.000,0,nan,nan,nan,0.0000,0,nan,nan,0,5,0.0000,0.0000,0.0000,0.0000,0.0000,等待台阶,1,0.0000,0.150,0.330
5103.414,SEEK_ROUNDABOUT,8.520,0,0.980,0.0000,0.0000,none,,,0.000,,,tracking,0.1000,0.6939,1,line_curve_center_riding,-0.5796,-0.5705,-0.7230,-0.7776,0.6068,4,0,0.0000,0,0.4133,0.1525,0.0546,0.2072,-0.6904,0.6939,IDLE,0,0,step_zone_before_min seek=0.97<1.25,0,0,0.000,0,0.9600,nan,0.0459,0.8745,1,0.5699,-0.3773,0,5,0.0000,0.0000,0.0000,0.0000,0.0000,等待台阶,1,0.0000,0.150,0.330
5103.549,SEEK_ROUNDABOUT,8.656,0,0.986,0.0000,0.0000,none,,,0.000,,,tracking,0.1185,0.5116,1,line_curve_center_riding,-0.3222,-0.3134,-0.4606,-0.6569,0.8804,7,0,0.0000,1,0.8235,0.1472,0.1963,0.3436,-0.4770,0.5116,IDLE,0,0,step_zone_before_min seek=0.98<1.25,0,0,0.000,0,0.9500,nan,0.0453,0.9076,1,0.5523,-0.3782,0,5,0.0000,0.0000,0.0000,0.0000,0.0000,等待台阶,1,0.0000,0.150,0.330
5103.689,SEEK_ROUNDABOUT,8.796,0,0.987,0.0000,0.0000,none,,,0.000,,,tracking,0.1691,0.3009,1,line_curve_center_riding,-0.0938,-0.0824,-0.2722,-0.4539,0.8737,7,0,0.0000,1,1.0000,0.1898,0.1818,0.3716,-0.2695,0.3009,IDLE,0,0,step_zone_before_min seek=0.99<1.25,0,0,0.000,0,0.9450,nan,0.0463,0.9211,1,0.5059,-0.3666,0,5,0.0000,0.0000,0.0000,0.0000,0.0000,等待台阶,1,0.0000,0.150,0.330
5103.836,SEEK_ROUNDABOUT,8.942,0,0.989,0.0000,0.0000,none,,,0.000,,,tracking,0.1700,0.1201,1,line_curve_center_riding,0.0545,0.0655,-0.1182,-0.2834,0.8738,7,0,0.0000,1,1.0000,0.1836,0.1653,0.3489,-0.1120,0.1201,IDLE,0,0,step_zone_before_min seek=0.99<1.25,0,0,0.000,0,0.9400,nan,0.0443,0.8948,1,0.5014,-0.3215,0,5,0.0000,0.0000,0.0000,0.0000,0.0000,等待台阶,1,0.0000,0.150,0.330
5103.971,SEEK_ROUNDABOUT,9.078,0,0.990,0.0000,0.0000,none,,,0.000,,,line_bridge_loss,0.1193,0.0480,0,line_too_few_bands,0.0000,0.0000,0.0000,0.0000,0.0000,0,0,0.0000,1,1.0000,0.0000,0.0000,0.0000,0.0000,0.0480,IDLE,0,0,step_zone_before_min seek=0.99<1.25,0,0,0.000,0,0.9300,nan,0.0437,0.8862,1,0.4572,-0.2824,0,5,0.0000,0.0000,0.0000,0.0000,0.0000,等待台阶,1,0.0000,0.150,0.330
5104.104,SEEK_ROUNDABOUT,9.210,0,0.992,0.0000,0.0000,none,,,0.000,,,tracking,0.1696,-0.0106,1,line_curve_center_riding,0.1448,0.1557,-0.0252,-0.1658,0.8735,7,0,0.0000,1,1.0000,0.1808,0.1407,0.3215,-0.0118,-0.0106,IDLE,0,0,step_zone_before_min seek=0.99<1.25,0,0,0.000,0,0.9300,nan,0.0465,0.9241,1,0.4105,-0.2436,0,5,0.0000,0.0000,0.0000,0.0000,0.0000,等待台阶,1,0.0000,0.150,0.330
5104.246,SEEK_ROUNDABOUT,9.352,0,0.995,0.0000,0.0000,none,,,0.000,,,tracking,0.1700,-0.0954,1,line_curve_center_riding,0.1634,0.1741,-0.0042,-0.1290,0.8750,7,0,0.0000,1,1.0000,0.1783,0.1248,0.3030,0.0136,-0.0954,IDLE,0,0,step_zone_before_min seek=0.99<1.25,0,0,0.000,0,0.9300,nan,0.0469,0.9294,1,0.3508,-0.2062,0,5,0.0000,0.0000,0.0000,0.0000,0.0000,等待台阶,1,0.0000,0.150,0.330
5104.396,SEEK_ROUNDABOUT,9.502,0,0.998,0.0000,0.0000,none,,,0.000,,,tracking,0.1700,-0.1546,1,line_curve_center_riding,0.1990,0.2099,0.0273,-0.1133,0.8740,7,0,0.0000,1,1.0000,0.1826,0.1407,0.3233,0.0413,-0.1546,IDLE,0,0,step_zone_before_min seek=1.00<1.25,0,0,0.000,0,0.9250,nan,0.0469,0.9286,1,0.3024,-0.1737,0,5,0.0000,0.0000,0.0000,0.0000,0.0000,等待台阶,1,0.0000,0.150,0.330
5104.530,SEEK_ROUNDABOUT,9.637,0,1.006,0.0000,0.0000,none,,,0.000,,,tracking,0.1700,-0.1531,1,line_curve_center_riding,0.1461,0.1559,-0.0066,-0.1373,0.8759,7,0,0.0000,1,1.0000,0.1624,0.1307,0.2932,0.0040,-0.1531,IDLE,0,0,step_zone_before_min seek=1.00<1.25,0,0,0.000,0,0.9200,nan,0.0471,0.9327,1,0.2746,-0.1571,0,5,0.0000,0.0000,0.0000,0.0000,0.0000,等待台阶,1,0.0000,0.150,0.330
5104.665,SEEK_ROUNDABOUT,9.771,0,1.017,0.0000,0.0000,none,,,0.000,,,tracking,0.1700,-0.1284,1,line_curve_center_riding,0.0998,0.1090,-0.0445,-0.1771,0.8783,7,0,0.0000,1,1.0000,0.1535,0.1326,0.2861,-0.0375,-0.1284,IDLE,0,0,step_zone_before_min seek=1.01<1.25,0,0,1.000,0,0.9100,0.9100,0.0463,0.9213,1,0.2569,-0.1549,1,5,0.0000,0.0000,0.0000,0.0000,0.0000,等待台阶,1,0.0000,0.150,0.330
5104.809,SEEK_ROUNDABOUT,9.916,0,1.029,0.0000,0.0000,none,,,0.000,,,tracking,0.1700,-0.0632,1,line_curve_center_riding,0.0039,0.0124,-0.1295,-0.1997,0.6100,4,0,0.0000,1,1.0000,0.1418,0.0702,0.2121,-0.1056,-0.0632,IDLE,0,0,step_zone_before_min seek=1.02<1.25,0,0,2.000,0,0.9100,0.9100,0.0456,0.9127,1,0.2618,-0.1429,3,5,0.0000,0.0000,0.0000,0.0000,0.0000,等待台阶,1,0.0000,0.150,0.330
5105.029,SEEK_ROUNDABOUT,10.135,0,1.056,0.0000,0.0000,none,,,0.000,,,tracking,0.1700,-0.0449,1,line_curve_center_riding,0.0196,0.0271,-0.0987,-0.3773,0.7630,6,0,0.0000,1,1.0000,0.1258,0.2786,0.4045,-0.1496,-0.0449,IDLE,0,0,step_zone_before_min seek=1.03<1.25,0,0,3.000,1,0.9000,0.9100,0.0453,0.9074,1,0.2567,-0.1399,8,5,0.0000,0.0000,0.0000,0.0000,0.0000,等待台阶,1,0.0000,0.150,0.330
5105.230,SEEK_ROUNDABOUT,10.337,0,1.089,0.0000,0.0000,none,,,0.000,,,tracking,0.1450,-0.0292,1,line_curve_center_riding,0.0121,0.0218,-0.1394,-0.4158,0.6651,5,0,0.0000,1,1.0000,0.1611,0.2764,0.4375,-0.1778,-0.0292,IDLE,0,0,step_zone_before_min seek=1.06<1.25,0,0,2.400,0,0.8800,0.9100,0.0463,0.9217,1,0.2729,-0.1424,0,5,0.0000,0.0000,0.0000,0.0000,0.0000,等待台阶,1,0.0000,0.150,0.330
5105.521,SEEK_ROUNDABOUT,10.627,0,1.145,0.0000,0.0000,none,,,0.000,,,tracking,0.1949,0.1551,1,line_center_tracking,-0.3103,-0.2835,-0.3792,-0.3929,0.5283,3,0,0.0000,1,1.0000,0.0957,0.0137,0.1094,-0.3519,0.1551,IDLE,0,0,step_zone_before_min seek=1.09<1.25,0,0,1.800,0,0.8400,0.9050,0.0471,0.9305,1,0.3153,-0.1649,0,5,0.0000,0.0000,0.0000,0.0000,0.0000,等待台阶,1,0.0000,0.150,0.330
5105.733,SEEK_ROUNDABOUT,10.840,0,1.189,0.0000,0.0000,none,,,0.000,,,tracking,0.1887,0.2383,1,line_center_tracking,-0.3012,-0.2676,-0.3875,-0.3875,0.5278,3,0,0.0000,1,1.0000,0.1199,0.0000,0.1199,-0.3476,0.2383,IDLE,0,0,step_zone_before_min seek=1.15<1.25,0,0,1.200,0,0.8100,0.9000,0.0468,0.9276,1,0.3171,-0.1681,0,5,0.0000,0.0000,0.0000,0.0000,0.0000,等待台阶,1,0.0000,0.150,0.330
5106.018,SEEK_ROUNDABOUT,11.124,0,1.265,0.0000,0.0000,none,,,0.000,,,tracking,0.1700,0.2295,1,line_curve_center_riding,-0.2107,-0.2115,-0.1987,0.0934,0.6888,5,0,0.0000,1,1.0000,0.0128,0.2920,0.3048,-0.1056,0.2295,IDLE,0,0,step_zone_before_min seek=1.19<1.25,0,0,0.600,0,0.7700,nan,0.0487,0.9526,1,0.3316,-0.1717,0,5,0.0000,0.0000,0.0000,0.0000,0.0000,等待台阶,1,0.0000,0.150,0.330
5106.225,SEEK_ROUNDABOUT,11.331,0,1.310,0.0000,0.0000,none,,,0.000,,,tracking,0.1813,0.2671,1,line_center_tracking,-0.2796,-0.2641,-0.3193,-0.3193,0.5465,3,0,0.0000,1,1.0000,0.0551,0.0000,0.0551,-0.3009,0.2671,IDLE,0,0,candidate_fields_invalid,0,0,0.000,0,0.7300,nan,0.0479,0.9402,1,0.3274,-0.1699,0,5,0.0000,0.0000,0.0000,0.0000,0.0000,等待台阶,1,0.0000,0.150,0.330
5106.524,SEEK_ROUNDABOUT,11.630,0,1.388,0.0000,0.0000,none,,,0.000,,,line_bridge_loss,0.1306,0.1068,0,line_too_few_bands,0.0000,0.0000,0.0000,0.0000,0.0000,0,0,0.0000,1,1.0000,0.0000,0.0000,0.0000,0.0000,0.1068,IDLE,0,0,candidate_fields_invalid,0,0,0.000,0,0.6800,nan,0.0493,0.9596,1,0.2981,-0.1383,0,5,0.0000,0.0000,0.0000,0.0000,0.0000,等待台阶,1,0.0000,0.150,0.330
5106.737,SEEK_ROUNDABOUT,11.843,0,1.447,0.0000,0.0000,none,,,0.000,,,line_loss_hold,0.0800,0.0000,0,line_too_few_bands,0.0000,0.0000,0.0000,0.0000,0.0000,0,0,0.0000,1,1.0000,0.0000,0.0000,0.0000,0.0000,0.0000,IDLE,0,0,candidate_evidence_wait 1.0/2.4,0,0,1.000,0,0.6400,0.6400,0.0466,0.9229,1,0.2601,-0.1110,1,5,0.0000,0.0000,0.0000,0.0000,0.0000,等待台阶,1,0.0000,0.150,0.330
5107.023,SEEK_ROUNDABOUT,12.129,0,1.447,0.0000,0.0000,none,,,0.000,,,step_depth_pose_align/course_events_frozen,0.0293,0.3000,0,line_too_few_bands,0.0000,0.0000,0.0000,0.0000,0.0000,0,0,0.0000,1,1.0000,0.0000,0.0000,0.0000,0.0000,0.3000,IDLE,0,1,depth_pose_aligning angle=+10.7deg lat=-0.058,0,0,2.000,1,0.5700,0.6050,0.0458,0.9110,1,0.1860,-0.0581,6,5,0.0000,0.0000,0.0000,0.0000,0.0000,等待台阶,1,0.0000,0.150,0.330
5107.334,SEEK_ROUNDABOUT,12.440,0,1.447,0.0000,0.0000,none,,,0.000,,,line_lost_stop,0.0000,0.0000,0,line_low_confidence,0.3657,0.3288,0.9425,0.9425,0.1750,2,0,0.0000,1,1.0000,0.6137,0.0000,0.6137,0.7379,0.0000,IDLE,0,0,candidate_fields_invalid,0,0,1.400,0,nan,0.6050,nan,0.0000,0,nan,nan,0,5,0.0000,0.0000,0.0000,0.0000,0.0000,等待台阶,1,0.0000,0.150,0.330
5107.621,SEEK_ROUNDABOUT,12.727,0,1.447,0.0000,0.0000,none,,,0.000,,,tracking,0.0507,-0.3333,1,line_hard_turn_centering,0.6925,0.6836,0.7726,0.7562,0.6081,4,0,0.0000,1,1.0000,0.0890,0.0164,0.0727,0.7375,-0.3333,IDLE,0,0,candidate_fields_invalid,0,0,0.800,0,nan,0.5700,nan,0.0000,0,nan,nan,0,5,0.0000,0.0000,0.0000,0.0000,0.0000,等待台阶,1,0.0000,0.150,0.330
5107.924,SEEK_ROUNDABOUT,13.031,0,1.447,0.0000,0.0000,none,,,0.000,,,tracking,0.0850,0.0000,1,line_edge_single_rescue,-0.8063,-0.8063,-0.8063,-0.8063,0.3100,1,0,0.0000,1,1.0000,0.0000,0.0000,0.0000,-0.8063,0.0000,IDLE,0,0,candidate_fields_invalid,0,0,0.200,0,nan,nan,nan,0.0000,0,nan,nan,0,5,0.0000,0.0000,0.0000,0.0000,0.0000,等待台阶,1,0.0000,0.150,0.330
5108.132,SEEK_ROUNDABOUT,13.239,0,1.448,0.0000,0.0000,none,,,0.000,,,tracking,0.1050,-0.3161,1,line_hard_turn_centering,0.5894,0.5806,0.6687,0.6687,0.5511,4,0,0.0000,1,1.0000,0.0881,0.0000,0.0881,0.6394,-0.3161,IDLE,0,0,candidate_fields_invalid,0,0,0.000,0,nan,nan,nan,0.0000,0,nan,nan,0,5,0.0000,0.0000,0.0000,0.0000,0.0000,等待台阶,1,0.0000,0.150,0.330
5108.419,SEEK_ROUNDABOUT,13.526,0,1.477,0.0000,0.0000,none,,,0.000,,,tracking,0.1448,-0.4090,1,line_curve_center_riding,0.4851,0.4740,0.6583,0.5985,0.5651,4,0,0.0000,1,1.0000,0.1843,0.0598,0.1245,0.5769,-0.4090,IDLE,0,0,candidate_fields_invalid,0,0,0.000,0,nan,nan,nan,0.0000,0,nan,nan,0,5,0.0000,0.0000,0.0000,0.0000,0.0000,等待台阶,1,0.0000,0.150,0.330
5108.629,SEEK_ROUNDABOUT,13.736,0,1.511,0.0000,0.0000,none,,,0.000,,,line_bridge_loss,0.0942,-0.1636,0,line_low_confidence,-0.0964,-0.1089,0.5190,0.5914,0.2265,2,0,0.0000,1,1.0000,0.6279,0.0725,0.7004,0.3338,-0.1636,IDLE,0,0,candidate_fields_invalid,0,0,0.000,0,nan,nan,nan,0.0000,0,nan,nan,0,5,0.0000,0.0000,0.0000,0.0000,0.0000,等待台阶,1,0.0000,0.150,0.330
5108.829,SEEK_ROUNDABOUT,13.936,0,1.533,0.0000,0.0000,none,,,0.000,,,line_bridge_loss,0.0435,-0.1636,0,line_too_few_bands,0.0000,0.0000,0.0000,0.0000,0.0000,0,0,0.0000,1,1.0000,0.0000,0.0000,0.0000,0.0000,-0.1636,IDLE,0,0,candidate_fields_invalid,0,0,0.000,0,nan,nan,nan,0.0000,0,nan,nan,0,5,0.0000,0.0000,0.0000,0.0000,0.0000,等待台阶,1,0.0000,0.150,0.330
5109.026,SEEK_ROUNDABOUT,14.132,0,1.533,0.0000,0.0000,none,,,0.000,,,line_loss_hold,0.0000,0.0000,0,line_too_few_bands,0.0000,0.0000,0.0000,0.0000,0.0000,0,0,0.0000,1,1.0000,0.0000,0.0000,0.0000,0.0000,0.0000,IDLE,0,0,candidate_fields_invalid,0,0,0.000,0,nan,nan,nan,0.0000,0,nan,nan,0,5,0.0000,0.0000,0.0000,0.0000,0.0000,等待台阶,1,0.0000,0.150,0.330
5109.228,SEEK_ROUNDABOUT,14.335,0,1.533,0.0000,0.0000,none,,,0.000,,,line_lost_stop,0.0000,0.0000,0,line_too_few_bands,0.0000,0.0000,0.0000,0.0000,0.0000,1,0,0.0000,1,1.0000,0.0000,0.0000,0.0000,0.0000,0.0000,IDLE,0,0,candidate_fields_invalid,0,0,0.000,0,nan,nan,nan,0.0000,0,nan,nan,0,5,0.0000,0.0000,0.0000,0.0000,0.0000,等待台阶,1,0.0000,0.150,0.330
5109.432,SEEK_ROUNDABOUT,14.539,0,1.533,0.0000,0.0000,none,,,0.000,,,line_lost_stop,0.0000,0.0000,0,line_too_few_bands,0.0000,0.0000,0.0000,0.0000,0.0000,0,0,0.0000,1,1.0000,0.0000,0.0000,0.0000,0.0000,0.0000,IDLE,0,0,candidate_fields_invalid,0,0,0.000,0,nan,nan,nan,0.0000,0,nan,nan,0,5,0.0000,0.0000,0.0000,0.0000,0.0000,等待台阶,1,0.0000,0.150,0.330
5109.629,SEEK_ROUNDABOUT,14.736,0,1.533,0.0000,0.0000,none,,,0.000,,,line_lost_stop,0.0000,0.0000,0,line_too_few_bands,0.0000,0.0000,0.0000,0.0000,0.0000,0,0,0.0000,1,1.0000,0.0000,0.0000,0.0000,0.0000,0.0000,IDLE,0,0,candidate_fields_invalid,0,0,0.000,0,nan,nan,nan,0.0000,0,nan,nan,0,5,0.0000,0.0000,0.0000,0.0000,0.0000,等待台阶,1,0.0000,0.150,0.330
5109.832,SEEK_ROUNDABOUT,14.938,0,1.533,0.0000,0.0000,none,,,0.000,,,line_lost_stop,0.0000,0.0000,0,line_too_few_bands,0.0000,0.0000,0.0000,0.0000,0.0000,0,0,0.0000,1,1.0000,0.0000,0.0000,0.0000,0.0000,0.0000,IDLE,0,0,candidate_fields_invalid,0,0,0.000,0,nan,nan,nan,0.0000,0,nan,nan,0,5,0.0000,0.0000,0.0000,0.0000,0.0000,等待台阶,1,0.0000,0.150,0.330
5110.036,SEEK_ROUNDABOUT,15.142,0,1.533,0.0000,0.0000,none,,,0.000,,,line_lost_stop,0.0000,0.0000,0,line_too_few_bands,0.0000,0.0000,0.0000,0.0000,0.0000,0,0,0.0000,1,1.0000,0.0000,0.0000,0.0000,0.0000,0.0000,IDLE,0,0,candidate_fields_invalid,0,0,0.000,0,nan,nan,nan,0.0000,0,nan,nan,0,5,0.0000,0.0000,0.0000,0.0000,0.0000,等待台阶,1,0.0000,0.150,0.330
5110.320,SEEK_ROUNDABOUT,15.426,0,1.533,0.0000,0.0000,none,,,0.000,,,line_lost_stop,0.0000,0.0000,0,line_too_few_bands,0.0000,0.0000,0.0000,0.0000,0.0000,0,0,0.0000,1,1.0000,0.0000,0.0000,0.0000,0.0000,0.0000,IDLE,0,0,candidate_fields_invalid,0,0,0.000,0,nan,nan,nan,0.0000,0,nan,nan,0,5,0.0000,0.0000,0.0000,0.0000,0.0000,等待台阶,1,0.0000,0.150,0.330
5110.619,SEEK_ROUNDABOUT,15.726,0,1.533,0.0000,0.0000,none,,,0.000,,,line_lost_stop,0.0000,0.0000,0,line_too_few_bands,0.0000,0.0000,0.0000,0.0000,0.0000,0,0,0.0000,1,1.0000,0.0000,0.0000,0.0000,0.0000,0.0000,IDLE,0,0,candidate_fields_invalid,0,0,0.000,0,nan,nan,nan,0.0000,0,nan,nan,0,5,0.0000,0.0000,0.0000,0.0000,0.0000,等待台阶,1,0.0000,0.150,0.330
5110.923,SEEK_ROUNDABOUT,16.030,0,1.533,0.0000,0.0000,none,,,0.000,,,line_lost_stop,0.0000,0.0000,0,line_too_few_bands,0.0000,0.0000,0.0000,0.0000,0.0000,0,0,0.0000,0,0.3266,0.0000,0.0000,0.0000,0.0000,0.0000,IDLE,0,0,candidate_fields_invalid,0,0,0.000,0,nan,nan,nan,0.0000,0,nan,nan,0,5,0.0000,0.0000,0.0000,0.0000,0.0000,等待台阶,1,0.0000,0.150,0.330
5111.219,SEEK_ROUNDABOUT,16.326,0,1.533,0.0000,0.0000,none,,,0.000,,,line_lost_stop,0.0000,0.0000,0,line_too_few_bands,0.0000,0.0000,0.0000,0.0000,0.0000,0,0,0.0000,0,0.2750,0.0000,0.0000,0.0000,0.0000,0.0000,IDLE,0,0,candidate_fields_invalid,0,0,0.000,0,nan,nan,nan,0.0000,0,nan,nan,0,5,0.0000,0.0000,0.0000,0.0000,0.0000,等待台阶,1,0.0000,0.150,0.330
5111.363,SEEK_ROUNDABOUT,16.469,0,1.533,0.0000,0.0000,none,,,0.000,,,line_lost_stop,0.0000,0.0000,0,line_too_few_bands,0.0000,0.0000,0.0000,0.0000,0.0000,0,0,0.0000,0,0.3094,0.0000,0.0000,0.0000,0.0000,0.0000,IDLE,0,0,candidate_fields_invalid,0,0,0.000,0,nan,nan,nan,0.0000,0,nan,nan,0,5,0.0000,0.0000,0.0000,0.0000,0.0000,等待台阶,1,0.0000,0.150,0.330
5111.487,SEEK_ROUNDABOUT,16.594,0,1.533,0.0000,0.0000,none,,,0.000,,,line_lost_stop,0.0000,0.0000,0,line_too_few_bands,0.0000,0.0000,0.0000,0.0000,0.0000,0,0,0.0000,0,0.2450,0.0000,0.0000,0.0000,0.0000,0.0000,IDLE,0,0,candidate_fields_invalid,0,0,0.000,0,nan,nan,nan,0.0000,0,nan,nan,0,5,0.0000,0.0000,0.0000,0.0000,0.0000,等待台阶,1,0.0000,0.150,0.330
5111.616,SEEK_ROUNDABOUT,16.722,0,1.533,0.0000,0.0000,none,,,0.000,,,line_lost_stop,0.0000,0.0000,0,line_too_few_bands,0.0000,0.0000,0.0000,0.0000,0.0000,0,0,0.0000,0,0.2235,0.0000,0.0000,0.0000,0.0000,0.0000,IDLE,0,0,candidate_fields_invalid,0,0,0.000,0,nan,nan,nan,0.0000,0,nan,nan,0,5,0.0000,0.0000,0.0000,0.0000,0.0000,等待台阶,1,0.0000,0.150,0.330
5111.759,SEEK_ROUNDABOUT,16.865,0,1.533,0.0000,0.0000,none,,,0.000,,,line_lost_stop,0.0000,0.0000,0,line_too_few_bands,0.0000,0.0000,0.0000,0.0000,0.0000,0,0,0.0000,0,0.2321,0.0000,0.0000,0.0000,0.0000,0.0000,IDLE,0,0,candidate_fields_invalid,0,0,0.000,0,nan,nan,nan,0.0000,0,nan,nan,0,5,0.0000,0.0000,0.0000,0.0000,0.0000,等待台阶,1,0.0000,0.150,0.330
5111.895,SEEK_ROUNDABOUT,17.001,0,1.533,0.0000,0.0000,none,,,0.000,,,line_lost_stop,0.0000,0.0000,0,line_too_few_bands,0.0000,0.0000,0.0000,0.0000,0.0000,0,0,0.0000,0,0.2106,0.0000,0.0000,0.0000,0.0000,0.0000,IDLE,0,0,candidate_fields_invalid,0,0,0.000,0,nan,nan,nan,0.0000,0,nan,nan,0,5,0.0000,0.0000,0.0000,0.0000,0.0000,等待台阶,1,0.0000,0.150,0.330
5112.030,SEEK_ROUNDABOUT,17.136,0,1.533,0.0000,0.0000,none,,,0.000,,,line_lost_stop,0.0000,0.0000,0,line_too_few_bands,0.0000,0.0000,0.0000,0.0000,0.0000,0,0,0.0000,0,0.2149,0.0000,0.0000,0.0000,0.0000,0.0000,IDLE,0,0,candidate_fields_invalid,0,0,0.000,0,nan,nan,nan,0.0000,0,nan,nan,0,5,0.0000,0.0000,0.0000,0.0000,0.0000,等待台阶,1,0.0000,0.150,0.330
5112.160,SEEK_ROUNDABOUT,17.266,0,1.533,0.0000,0.0000,none,,,0.000,,,line_lost_stop,0.0000,0.0000,0,line_too_few_bands,0.0000,0.0000,0.0000,0.0000,0.0000,0,0,0.0000,0,0.1848,0.0000,0.0000,0.0000,0.0000,0.0000,IDLE,0,0,candidate_fields_invalid,0,0,0.000,0,nan,nan,nan,0.0000,0,nan,nan,0,5,0.0000,0.0000,0.0000,0.0000,0.0000,等待台阶,1,0.0000,0.150,0.330
5112.286,SEEK_ROUNDABOUT,17.393,0,1.533,0.0000,0.0000,none,,,0.000,,,line_lost_stop,0.0000,0.0000,0,line_too_few_bands,0.0000,0.0000,0.0000,0.0000,0.0000,0,0,0.0000,0,0.2106,0.0000,0.0000,0.0000,0.0000,0.0000,IDLE,0,0,candidate_fields_invalid,0,0,0.000,0,nan,nan,nan,0.0000,0,nan,nan,0,5,0.0000,0.0000,0.0000,0.0000,0.0000,等待台阶,1,0.0000,0.150,0.330
5112.410,SEEK_ROUNDABOUT,17.516,0,1.533,0.0000,0.0000,none,,,0.000,,,line_lost_stop,0.0000,0.0000,0,line_too_few_bands,0.0000,0.0000,0.0000,0.0000,0.0000,0,0,0.0000,0,0.1934,0.0000,0.0000,0.0000,0.0000,0.0000,IDLE,0,0,candidate_fields_invalid,0,0,0.000,0,nan,nan,nan,0.0000,0,nan,nan,0,5,0.0000,0.0000,0.0000,0.0000,0.0000,等待台阶,1,0.0000,0.150,0.330
5112.541,SEEK_ROUNDABOUT,17.647,0,1.533,0.0000,0.0000,none,,,0.000,,,line_lost_stop,0.0000,0.0000,0,line_too_few_bands,0.0000,0.0000,0.0000,0.0000,0.0000,0,0,0.0000,0,0.2192,0.0000,0.0000,0.0000,0.0000,0.0000,IDLE,0,0,candidate_fields_invalid,0,0,0.000,0,nan,nan,nan,0.0000,0,nan,nan,0,5,0.0000,0.0000,0.0000,0.0000,0.0000,等待台阶,1,0.0000,0.150,0.330
5112.676,SEEK_ROUNDABOUT,17.782,0,1.533,0.0000,0.0000,none,,,0.000,,,line_lost_stop,0.0000,0.0000,0,line_too_few_bands,0.0000,0.0000,0.0000,0.0000,0.0000,0,0,0.0000,0,0.2192,0.0000,0.0000,0.0000,0.0000,0.0000,IDLE,0,0,candidate_fields_invalid,0,0,0.000,0,nan,nan,nan,0.0000,0,nan,nan,0,5,0.0000,0.0000,0.0000,0.0000,0.0000,等待台阶,1,0.0000,0.150,0.330
5112.812,SEEK_ROUNDABOUT,17.919,0,1.533,0.0000,0.0000,none,,,0.000,,,line_lost_stop,0.0000,0.0000,0,line_too_few_bands,0.0000,0.0000,0.0000,0.0000,0.0000,0,0,0.0000,0,0.2364,0.0000,0.0000,0.0000,0.0000,0.0000,IDLE,0,0,candidate_fields_invalid,0,0,0.000,0,nan,nan,nan,0.0000,0,nan,nan,0,5,0.0000,0.0000,0.0000,0.0000,0.0000,等待台阶,1,0.0000,0.150,0.330
5112.938,SEEK_ROUNDABOUT,18.045,0,1.533,0.0000,0.0000,none,,,0.000,,,line_lost_stop,0.0000,0.0000,0,line_too_few_bands,0.0000,0.0000,0.0000,0.0000,0.0000,0,0,0.0000,0,0.2579,0.0000,0.0000,0.0000,0.0000,0.0000,IDLE,0,0,candidate_fields_invalid,0,0,0.000,0,nan,nan,nan,0.0000,0,nan,nan,0,5,0.0000,0.0000,0.0000,0.0000,0.0000,等待台阶,1,0.0000,0.150,0.330
5113.173,SEEK_ROUNDABOUT,18.280,0,1.533,0.0000,0.0000,none,,,0.000,,,line_lost_stop,0.0000,0.0000,0,line_too_few_bands,0.0000,0.0000,0.0000,0.0000,0.0000,0,0,0.0000,0,0.2278,0.0000,0.0000,0.0000,0.0000,0.0000,IDLE,0,0,candidate_fields_invalid,0,0,0.000,0,nan,nan,nan,0.0000,0,nan,nan,0,5,0.0000,0.0000,0.0000,0.0000,0.0000,等待台阶,1,0.0000,0.150,0.330
5113.348,SEEK_ROUNDABOUT,18.454,0,1.533,0.0000,0.0000,none,,,0.000,,,line_lost_stop,0.0000,0.0000,0,line_too_few_bands,0.0000,0.0000,0.0000,0.0000,0.0000,0,0,0.0000,0,0.2235,0.0000,0.0000,0.0000,0.0000,0.0000,IDLE,0,0,candidate_fields_invalid,0,0,0.000,0,nan,nan,nan,0.0000,0,nan,nan,0,5,0.0000,0.0000,0.0000,0.0000,0.0000,等待台阶,1,0.0000,0.150,0.330
5113.483,SEEK_ROUNDABOUT,18.589,0,1.533,0.0000,0.0000,none,,,0.000,,,line_lost_stop,0.0000,0.0000,0,line_too_few_bands,0.0000,0.0000,0.0000,0.0000,0.0000,0,0,0.0000,0,0.2321,0.0000,0.0000,0.0000,0.0000,0.0000,IDLE,0,0,candidate_fields_invalid,0,0,0.000,0,nan,nan,nan,0.0000,0,nan,nan,0,5,0.0000,0.0000,0.0000,0.0000,0.0000,等待台阶,1,0.0000,0.150,0.330
5113.619,SEEK_ROUNDABOUT,18.726,0,1.533,0.0000,0.0000,none,,,0.000,,,line_lost_stop,0.0000,0.0000,0,line_too_few_bands,0.0000,0.0000,0.0000,0.0000,0.0000,0,0,0.0000,0,0.2407,0.0000,0.0000,0.0000,0.0000,0.0000,IDLE,0,0,candidate_fields_invalid,0,0,0.000,0,nan,nan,nan,0.0000,0,nan,nan,0,5,0.0000,0.0000,0.0000,0.0000,0.0000,等待台阶,1,0.0000,0.150,0.330
5113.747,SEEK_ROUNDABOUT,18.853,0,1.533,0.0000,0.0000,none,,,0.000,,,line_lost_stop,0.0000,0.0000,0,line_too_few_bands,0.0000,0.0000,0.0000,0.0000,0.0000,0,0,0.0000,0,0.2278,0.0000,0.0000,0.0000,0.0000,0.0000,IDLE,0,0,candidate_fields_invalid,0,0,0.000,0,nan,nan,nan,0.0000,0,nan,nan,0,5,0.0000,0.0000,0.0000,0.0000,0.0000,等待台阶,1,0.0000,0.150,0.330
5113.874,SEEK_ROUNDABOUT,18.980,0,1.533,0.0000,0.0000,none,,,0.000,,,line_lost_stop,0.0000,0.0000,0,line_too_few_bands,0.0000,0.0000,0.0000,0.0000,0.0000,0,0,0.0000,0,0.2321,0.0000,0.0000,0.0000,0.0000,0.0000,IDLE,0,0,candidate_fields_invalid,0,0,0.000,0,nan,nan,nan,0.0000,0,nan,nan,0,5,0.0000,0.0000,0.0000,0.0000,0.0000,等待台阶,1,0.0000,0.150,0.330
5114.006,SEEK_ROUNDABOUT,19.112,0,1.533,0.0000,0.0000,none,,,0.000,,,line_lost_stop,0.0000,0.0000,0,line_too_few_bands,0.0000,0.0000,0.0000,0.0000,0.0000,0,0,0.0000,0,0.2364,0.0000,0.0000,0.0000,0.0000,0.0000,IDLE,0,0,candidate_fields_invalid,0,0,0.000,0,nan,nan,nan,0.0000,0,nan,nan,0,5,0.0000,0.0000,0.0000,0.0000,0.0000,等待台阶,1,0.0000,0.150,0.330
5114.133,SEEK_ROUNDABOUT,19.240,0,1.533,0.0000,0.0000,none,,,0.000,,,line_lost_stop,0.0000,0.0000,0,line_too_few_bands,0.0000,0.0000,0.0000,0.0000,0.0000,0,0,0.0000,0,0.2278,0.0000,0.0000,0.0000,0.0000,0.0000,IDLE,0,0,candidate_fields_invalid,0,0,0.000,0,nan,nan,nan,0.0000,0,nan,nan,0,5,0.0000,0.0000,0.0000,0.0000,0.0000,等待台阶,1,0.0000,0.150,0.330
5114.259,SEEK_ROUNDABOUT,19.365,0,1.533,0.0000,0.0000,none,,,0.000,,,line_lost_stop,0.0000,0.0000,0,line_too_few_bands,0.0000,0.0000,0.0000,0.0000,0.0000,0,0,0.0000,0,0.2278,0.0000,0.0000,0.0000,0.0000,0.0000,IDLE,0,0,candidate_fields_invalid,0,0,0.000,0,nan,nan,nan,0.0000,0,nan,nan,0,5,0.0000,0.0000,0.0000,0.0000,0.0000,等待台阶,1,0.0000,0.150,0.330
5114.389,SEEK_ROUNDABOUT,19.496,0,1.533,0.0000,0.0000,none,,,0.000,,,line_lost_stop,0.0000,0.0000,0,line_too_few_bands,0.0000,0.0000,0.0000,0.0000,0.0000,0,0,0.0000,0,0.2278,0.0000,0.0000,0.0000,0.0000,0.0000,IDLE,0,0,candidate_fields_invalid,0,0,0.000,0,nan,nan,nan,0.0000,0,nan,nan,0,5,0.0000,0.0000,0.0000,0.0000,0.0000,等待台阶,1,0.0000,0.150,0.330
5114.527,SEEK_ROUNDABOUT,19.634,0,1.533,0.0000,0.0000,none,,,0.000,,,line_lost_stop,0.0000,0.0000,0,line_too_few_bands,0.0000,0.0000,0.0000,0.0000,0.0000,0,0,0.0000,0,0.2278,0.0000,0.0000,0.0000,0.0000,0.0000,IDLE,0,0,candidate_fields_invalid,0,0,0.000,0,nan,nan,nan,0.0000,0,nan,nan,0,5,0.0000,0.0000,0.0000,0.0000,0.0000,等待台阶,1,0.0000,0.150,0.330
5114.668,SEEK_ROUNDABOUT,19.775,0,1.533,0.0000,0.0000,none,,,0.000,,,line_lost_stop,0.0000,0.0000,0,line_too_few_bands,0.0000,0.0000,0.0000,0.0000,0.0000,0,0,0.0000,0,0.2536,0.0000,0.0000,0.0000,0.0000,0.0000,IDLE,0,0,candidate_fields_invalid,0,0,0.000,0,nan,nan,nan,0.0000,0,nan,nan,0,5,0.0000,0.0000,0.0000,0.0000,0.0000,等待台阶,1,0.0000,0.150,0.330
5114.806,SEEK_ROUNDABOUT,19.913,0,1.533,0.0000,0.0000,none,,,0.000,,,line_lost_stop,0.0000,0.0000,0,line_too_few_bands,0.0000,0.0000,0.0000,0.0000,0.0000,0,0,0.0000,0,0.2278,0.0000,0.0000,0.0000,0.0000,0.0000,IDLE,0,0,candidate_fields_invalid,0,0,0.000,0,nan,nan,nan,0.0000,0,nan,nan,0,5,0.0000,0.0000,0.0000,0.0000,0.0000,等待台阶,1,0.0000,0.150,0.330
5114.943,SEEK_ROUNDABOUT,20.049,0,1.533,0.0000,0.0000,none,,,0.000,,,line_lost_stop,0.0000,0.0000,0,line_too_few_bands,0.0000,0.0000,0.0000,0.0000,0.0000,0,0,0.0000,0,0.2407,0.0000,0.0000,0.0000,0.0000,0.0000,IDLE,0,0,candidate_fields_invalid,0,0,0.000,0,nan,nan,nan,0.0000,0,nan,nan,0,5,0.0000,0.0000,0.0000,0.0000,0.0000,等待台阶,1,0.0000,0.150,0.330
5115.080,SEEK_ROUNDABOUT,20.186,0,1.533,0.0000,0.0000,none,,,0.000,,,line_lost_stop,0.0000,0.0000,0,line_too_few_bands,0.0000,0.0000,0.0000,0.0000,0.0000,0,0,0.0000,0,0.2321,0.0000,0.0000,0.0000,0.0000,0.0000,IDLE,0,0,candidate_fields_invalid,0,0,0.000,0,nan,nan,nan,0.0000,0,nan,nan,0,5,0.0000,0.0000,0.0000,0.0000,0.0000,等待台阶,1,0.0000,0.150,0.330
5115.215,SEEK_ROUNDABOUT,20.321,0,1.533,0.0000,0.0000,none,,,0.000,,,line_lost_stop,0.0000,0.0000,0,line_too_few_bands,0.0000,0.0000,0.0000,0.0000,0.0000,0,0,0.0000,0,0.2278,0.0000,0.0000,0.0000,0.0000,0.0000,IDLE,0,0,candidate_fields_invalid,0,0,0.000,0,nan,nan,nan,0.0000,0,nan,nan,0,5,0.0000,0.0000,0.0000,0.0000,0.0000,等待台阶,1,0.0000,0.150,0.330
5115.343,SEEK_ROUNDABOUT,20.450,0,1.533,0.0000,0.0000,none,,,0.000,,,line_lost_stop,0.0000,0.0000,0,line_too_few_bands,0.0000,0.0000,0.0000,0.0000,0.0000,0,0,0.0000,0,0.2450,0.0000,0.0000,0.0000,0.0000,0.0000,IDLE,0,0,candidate_fields_invalid,0,0,0.000,0,nan,nan,nan,0.0000,0,nan,nan,0,5,0.0000,0.0000,0.0000,0.0000,0.0000,等待台阶,1,0.0000,0.150,0.330
5115.469,SEEK_ROUNDABOUT,20.575,0,1.533,0.0000,0.0000,none,,,0.000,,,line_lost_stop,0.0000,0.0000,0,line_too_few_bands,0.0000,0.0000,0.0000,0.0000,0.0000,0,0,0.0000,0,0.2407,0.0000,0.0000,0.0000,0.0000,0.0000,IDLE,0,0,candidate_fields_invalid,0,0,0.000,0,nan,nan,nan,0.0000,0,nan,nan,0,5,0.0000,0.0000,0.0000,0.0000,0.0000,等待台阶,1,0.0000,0.150,0.330
5115.602,SEEK_ROUNDABOUT,20.708,0,1.533,0.0000,0.0000,none,,,0.000,,,line_lost_stop,0.0000,0.0000,0,line_too_few_bands,0.0000,0.0000,0.0000,0.0000,0.0000,0,0,0.0000,0,0.2364,0.0000,0.0000,0.0000,0.0000,0.0000,IDLE,0,0,candidate_fields_invalid,0,0,0.000,0,nan,nan,nan,0.0000,0,nan,nan,0,5,0.0000,0.0000,0.0000,0.0000,0.0000,等待台阶,1,0.0000,0.150,0.330
5115.740,SEEK_ROUNDABOUT,20.846,0,1.533,0.0000,0.0000,none,,,0.000,,,line_lost_stop,0.0000,0.0000,0,line_too_few_bands,0.0000,0.0000,0.0000,0.0000,0.0000,0,0,0.0000,0,0.2364,0.0000,0.0000,0.0000,0.0000,0.0000,IDLE,0,0,candidate_fields_invalid,0,0,0.000,0,nan,nan,nan,0.0000,0,nan,nan,0,5,0.0000,0.0000,0.0000,0.0000,0.0000,等待台阶,1,0.0000,0.150,0.330
5115.876,SEEK_ROUNDABOUT,20.983,0,1.533,0.0000,0.0000,none,,,0.000,,,line_lost_stop,0.0000,0.0000,0,line_too_few_bands,0.0000,0.0000,0.0000,0.0000,0.0000,0,0,0.0000,0,0.2278,0.0000,0.0000,0.0000,0.0000,0.0000,IDLE,0,0,candidate_fields_invalid,0,0,0.000,0,nan,nan,nan,0.0000,0,nan,nan,0,5,0.0000,0.0000,0.0000,0.0000,0.0000,等待台阶,1,0.0000,0.150,0.330
5116.003,SEEK_ROUNDABOUT,21.109,0,1.533,0.0000,0.0000,none,,,0.000,,,line_lost_stop,0.0000,0.0000,0,line_too_few_bands,0.0000,0.0000,0.0000,0.0000,0.0000,0,0,0.0000,0,0.2235,0.0000,0.0000,0.0000,0.0000,0.0000,IDLE,0,0,candidate_fields_invalid,0,0,0.000,0,nan,nan,nan,0.0000,0,nan,nan,0,5,0.0000,0.0000,0.0000,0.0000,0.0000,等待台阶,1,0.0000,0.150,0.330
5116.132,SEEK_ROUNDABOUT,21.238,0,1.533,0.0000,0.0000,none,,,0.000,,,line_lost_stop,0.0000,0.0000,0,line_too_few_bands,0.0000,0.0000,0.0000,0.0000,0.0000,0,0,0.0000,0,0.2192,0.0000,0.0000,0.0000,0.0000,0.0000,IDLE,0,0,candidate_fields_invalid,0,0,0.000,0,nan,nan,nan,0.0000,0,nan,nan,0,5,0.0000,0.0000,0.0000,0.0000,0.0000,等待台阶,1,0.0000,0.150,0.330
5116.264,SEEK_ROUNDABOUT,21.370,0,1.533,0.0000,0.0000,none,,,0.000,,,line_lost_stop,0.0000,0.0000,0,line_too_few_bands,0.0000,0.0000,0.0000,0.0000,0.0000,0,0,0.0000,0,0.2364,0.0000,0.0000,0.0000,0.0000,0.0000,IDLE,0,0,candidate_fields_invalid,0,0,0.000,0,nan,nan,nan,0.0000,0,nan,nan,0,5,0.0000,0.0000,0.0000,0.0000,0.0000,等待台阶,1,0.0000,0.150,0.330
5116.413,SEEK_ROUNDABOUT,21.520,0,1.533,0.0000,0.0000,none,,,0.000,,,line_lost_stop,0.0000,0.0000,0,line_too_few_bands,0.0000,0.0000,0.0000,0.0000,0.0000,0,0,0.0000,0,0.1891,0.0000,0.0000,0.0000,0.0000,0.0000,IDLE,0,0,candidate_fields_invalid,0,0,0.000,0,nan,nan,nan,0.0000,0,nan,nan,0,5,0.0000,0.0000,0.0000,0.0000,0.0000,等待台阶,1,0.0000,0.150,0.330
5116.544,SEEK_ROUNDABOUT,21.650,0,1.533,0.0000,0.0000,none,,,0.000,,,line_lost_stop,0.0000,0.0000,0,line_too_few_bands,0.0000,0.0000,0.0000,0.0000,0.0000,0,0,0.0000,0,0.1977,0.0000,0.0000,0.0000,0.0000,0.0000,IDLE,0,0,candidate_fields_invalid,0,0,0.000,0,nan,nan,nan,0.0000,0,nan,nan,0,5,0.0000,0.0000,0.0000,0.0000,0.0000,等待台阶,1,0.0000,0.150,0.330
5116.677,SEEK_ROUNDABOUT,21.784,0,1.533,0.0000,0.0000,none,,,0.000,,,line_lost_stop,0.0000,0.0000,0,line_too_few_bands,0.0000,0.0000,0.0000,0.0000,0.0000,0,0,0.0000,0,0.1934,0.0000,0.0000,0.0000,0.0000,0.0000,IDLE,0,0,candidate_fields_invalid,0,0,0.000,0,nan,nan,nan,0.0000,0,nan,nan,0,5,0.0000,0.0000,0.0000,0.0000,0.0000,等待台阶,1,0.0000,0.150,0.330
5116.823,SEEK_ROUNDABOUT,21.930,0,1.533,0.0000,0.0000,none,,,0.000,,,line_lost_stop,0.0000,0.0000,0,line_too_few_bands,0.0000,0.0000,0.0000,0.0000,0.0000,0,0,0.0000,0,0.1934,0.0000,0.0000,0.0000,0.0000,0.0000,IDLE,0,0,candidate_fields_invalid,0,0,0.000,0,nan,nan,nan,0.0000,0,nan,nan,0,5,0.0000,0.0000,0.0000,0.0000,0.0000,等待台阶,1,0.0000,0.150,0.330
5116.955,SEEK_ROUNDABOUT,22.062,0,1.533,0.0000,0.0000,none,,,0.000,,,line_lost_stop,0.0000,0.0000,0,line_too_few_bands,0.0000,0.0000,0.0000,0.0000,0.0000,0,0,0.0000,0,0.1977,0.0000,0.0000,0.0000,0.0000,0.0000,IDLE,0,0,candidate_fields_invalid,0,0,0.000,0,nan,nan,nan,0.0000,0,nan,nan,0,5,0.0000,0.0000,0.0000,0.0000,0.0000,等待台阶,1,0.0000,0.150,0.330
5117.147,SEEK_ROUNDABOUT,22.254,0,1.533,0.0000,0.0000,none,,,0.000,,,line_lost_stop,0.0000,0.0000,0,line_too_few_bands,0.0000,0.0000,0.0000,0.0000,0.0000,0,0,0.0000,0,0.2192,0.0000,0.0000,0.0000,0.0000,0.0000,IDLE,0,0,candidate_fields_invalid,0,0,0.000,0,nan,nan,nan,0.0000,0,nan,nan,0,5,0.0000,0.0000,0.0000,0.0000,0.0000,等待台阶,1,0.0000,0.150,0.330
5117.284,SEEK_ROUNDABOUT,22.391,0,1.533,0.0000,0.0000,none,,,0.000,,,line_lost_stop,0.0000,0.0000,0,line_too_few_bands,0.0000,0.0000,0.0000,0.0000,0.0000,0,0,0.0000,0,0.1848,0.0000,0.0000,0.0000,0.0000,0.0000,IDLE,0,0,candidate_fields_invalid,0,0,0.000,0,nan,nan,nan,0.0000,0,nan,nan,0,5,0.0000,0.0000,0.0000,0.0000,0.0000,等待台阶,1,0.0000,0.150,0.330
5117.411,SEEK_ROUNDABOUT,22.518,0,1.533,0.0000,0.0000,none,,,0.000,,,line_lost_stop,0.0000,0.0000,0,line_too_few_bands,0.0000,0.0000,0.0000,0.0000,0.0000,0,0,0.0000,0,0.1977,0.0000,0.0000,0.0000,0.0000,0.0000,IDLE,0,0,candidate_fields_invalid,0,0,0.000,0,nan,nan,nan,0.0000,0,nan,nan,0,5,0.0000,0.0000,0.0000,0.0000,0.0000,等待台阶,1,0.0000,0.150,0.330
5117.542,SEEK_ROUNDABOUT,22.648,0,1.533,0.0000,0.0000,none,,,0.000,,,line_lost_stop,0.0000,0.0000,0,line_too_few_bands,0.0000,0.0000,0.0000,0.0000,0.0000,0,0,0.0000,0,0.1848,0.0000,0.0000,0.0000,0.0000,0.0000,IDLE,0,0,candidate_fields_invalid,0,0,0.000,0,nan,nan,nan,0.0000,0,nan,nan,0,5,0.0000,0.0000,0.0000,0.0000,0.0000,等待台阶,1,0.0000,0.150,0.330
5117.678,SEEK_ROUNDABOUT,22.784,0,1.533,0.0000,0.0000,none,,,0.000,,,line_lost_stop,0.0000,0.0000,0,line_too_few_bands,0.0000,0.0000,0.0000,0.0000,0.0000,0,0,0.0000,0,0.1891,0.0000,0.0000,0.0000,0.0000,0.0000,IDLE,0,0,candidate_fields_invalid,0,0,0.000,0,nan,nan,nan,0.0000,0,nan,nan,0,5,0.0000,0.0000,0.0000,0.0000,0.0000,等待台阶,1,0.0000,0.150,0.330
5117.809,SEEK_ROUNDABOUT,22.915,0,1.533,0.0000,0.0000,none,,,0.000,,,line_lost_stop,0.0000,0.0000,0,line_too_few_bands,0.0000,0.0000,0.0000,0.0000,0.0000,0,0,0.0000,0,0.2149,0.0000,0.0000,0.0000,0.0000,0.0000,IDLE,0,0,candidate_fields_invalid,0,0,0.000,0,nan,nan,nan,0.0000,0,nan,nan,0,5,0.0000,0.0000,0.0000,0.0000,0.0000,等待台阶,1,0.0000,0.150,0.330
5117.890,SEEK_ROUNDABOUT,22.996,0,1.533,0.0000,0.0000,none,,,0.000,,,line_lost_stop,0.0000,0.0000,0,line_too_few_bands,0.0000,0.0000,0.0000,0.0000,0.0000,0,0,0.0000,0,0.1934,0.0000,0.0000,0.0000,0.0000,0.0000,IDLE,0,0,candidate_fields_invalid,0,0,0.000,0,nan,nan,nan,0.0000,0,nan,nan,0,5,0.0000,0.0000,0.0000,0.0000,0.0000,等待台阶,1,0.0000,0.150,0.330
5118.045,SEEK_ROUNDABOUT,23.152,0,1.533,0.0000,0.0000,none,,,0.000,,,line_lost_stop,0.0000,0.0000,0,line_too_few_bands,0.0000,0.0000,0.0000,0.0000,0.0000,0,0,0.0000,0,0.2149,0.0000,0.0000,0.0000,0.0000,0.0000,IDLE,0,0,candidate_fields_invalid,0,0,0.000,0,nan,nan,nan,0.0000,0,nan,nan,0,5,0.0000,0.0000,0.0000,0.0000,0.0000,等待台阶,1,0.0000,0.150,0.330
5118.194,SEEK_ROUNDABOUT,23.300,0,1.533,0.0000,0.0000,none,,,0.000,,,line_lost_stop,0.0000,0.0000,0,line_too_few_bands,0.0000,0.0000,0.0000,0.0000,0.0000,0,0,0.0000,0,0.1977,0.0000,0.0000,0.0000,0.0000,0.0000,IDLE,0,0,candidate_fields_invalid,0,0,0.000,0,nan,nan,nan,0.0000,0,nan,nan,0,5,0.0000,0.0000,0.0000,0.0000,0.0000,等待台阶,1,0.0000,0.150,0.330
5118.323,SEEK_ROUNDABOUT,23.429,0,1.533,0.0000,0.0000,none,,,0.000,,,line_lost_stop,0.0000,0.0000,0,line_too_few_bands,0.0000,0.0000,0.0000,0.0000,0.0000,0,0,0.0000,0,0.2149,0.0000,0.0000,0.0000,0.0000,0.0000,IDLE,0,0,candidate_fields_invalid,0,0,0.000,0,nan,nan,nan,0.0000,0,nan,nan,0,5,0.0000,0.0000,0.0000,0.0000,0.0000,等待台阶,1,0.0000,0.150,0.330
5118.454,SEEK_ROUNDABOUT,23.561,0,1.533,0.0000,0.0000,none,,,0.000,,,line_lost_stop,0.0000,0.0000,0,line_too_few_bands,0.0000,0.0000,0.0000,0.0000,0.0000,0,0,0.0000,0,0.2106,0.0000,0.0000,0.0000,0.0000,0.0000,IDLE,0,0,candidate_fields_invalid,0,0,0.000,0,nan,nan,nan,0.0000,0,nan,nan,0,5,0.0000,0.0000,0.0000,0.0000,0.0000,等待台阶,1,0.0000,0.150,0.330
